地震の発生日,地震の発生時刻,震央地名,緯度,経度,深さ,Ｍ,最大震度
2024/03/26,16:54:27.8,石川県能登地方,37°25.0′N,137°06.0′E,9 km,3.1,震度１
2024/03/26,08:01:08.2,鹿児島県薩摩地方,31°50.7′N,130°47.0′E,7 km,2.8,震度１
2024/03/26,05:51:10.0,青森県東方沖,41°09.2′N,141°51.4′E,67 km,3.2,震度１
2024/03/26,03:07:51.5,能登半島沖,37°08.8′N,136°43.0′E,4 km,1.7,震度１
2024/03/25,23:45:29.3,鹿児島県薩摩地方,31°50.8′N,130°47.0′E,7 km,2.8,震度２
2024/03/25,20:16:20.5,石川県能登地方,37°09.1′N,136°42.9′E,6 km,1.4,震度１
2024/03/25,10:58:04.3,石川県能登地方,37°27.2′N,137°08.8′E,9 km,3.0,震度２
2024/03/25,05:47:11.6,茨城県北部,36°27.9′N,140°35.7′E,55 km,3.3,震度１
2024/03/25,03:54:15.5,石川県能登地方,37°20.7′N,136°59.6′E,11 km,2.5,震度１
2024/03/25,03:37:00.1,長野県南部,35°55.7′N,138°04.4′E,4 km,2.8,震度１
2024/03/24,15:57:52.9,石川県能登地方,37°23.9′N,136°52.4′E,0 km,1.8,震度１
2024/03/24,15:53:51.2,石川県能登地方,37°23.8′N,136°52.5′E,6 km,2.9,震度３
2024/03/24,03:04:00.9,能登半島沖,37°08.0′N,136°39.0′E,6 km,2.0,震度１
2024/03/24,01:49:54.2,千葉県北西部,35°29.5′N,140°05.2′E,70 km,3.2,震度２
2024/03/23,21:05:23.1,千葉県南部,35°19.4′N,140°21.9′E,26 km,2.7,震度２
2024/03/23,20:17:11.1,石川県能登地方,37°13.8′N,136°49.4′E,11 km,2.7,震度１
2024/03/23,15:27:55.1,能登半島沖,37°31.5′N,137°11.1′E,10 km,2.0,震度１
2024/03/23,08:31:48.7,岐阜県美濃中西部,35°40.9′N,136°37.8′E,14 km,4.6,震度４
2024/03/23,02:56:02.8,能登半島沖,37°34.5′N,137°23.5′E,8 km,4.3,震度２
2024/03/22,19:23:02.4,石川県能登地方,37°09.9′N,136°45.3′E,4 km,2.3,震度１
2024/03/22,14:44:00.3,岩手県沖,40°21.8′N,142°12.1′E,46 km,4.3,震度２
2024/03/22,14:08:39.2,トカラ列島近海,29°09.5′N,129°11.0′E,12 km,2.2,震度１
2024/03/22,09:56:12.0,茨城県南部,36°10.5′N,139°53.8′E,66 km,3.2,震度１
2024/03/22,03:43:48.9,宮城県沖,38°14.1′N,141°43.1′E,52 km,3.4,震度１
2024/03/22,01:08:26.9,京都府南部,35°17.8′N,135°44.0′E,13 km,3.4,震度１
2024/03/21,18:21:33.7,トカラ列島近海,29°09.9′N,129°10.2′E,12 km,不明,震度１
2024/03/21,09:08:03.8,茨城県南部,36°02.9′N,139°53.2′E,46 km,5.3,震度５弱
2024/03/21,07:43:48.2,山梨県中・西部,35°19.6′N,138°29.0′E,17 km,2.6,震度２
2024/03/21,07:03:50.8,千葉県北東部,35°23.6′N,140°23.6′E,29 km,2.6,震度１
2024/03/20,08:54:06.8,熊本県阿蘇地方,32°58.1′N,131°06.3′E,9 km,3.1,震度２
2024/03/20,01:43:22.5,千葉県北東部,35°29.9′N,140°24.9′E,37 km,2.7,震度１
2024/03/20,01:37:40.6,石川県能登地方,37°11.3′N,136°50.4′E,10 km,2.5,震度１
2024/03/19,19:21:10.0,能登半島沖,37°32.9′N,137°16.3′E,10 km,2.9,震度１
2024/03/19,10:15:06.0,十勝沖,41°41.6′N,143°49.2′E,21 km,4.6,震度２
2024/03/19,01:12:34.7,鹿児島湾,31°18.8′N,130°38.8′E,124 km,3.9,震度１
2024/03/19,01:01:23.5,石川県能登地方,37°29.6′N,137°13.9′E,12 km,2.9,震度１
2024/03/18,18:49:27.7,千葉県北西部,35°38.2′N,140°04.2′E,72 km,3.7,震度２
2024/03/18,10:58:00.9,豊後水道,33°15.3′N,132°21.0′E,40 km,3.9,震度２
2024/03/18,10:07:05.5,豊後水道,33°15.2′N,132°20.8′E,40 km,3.1,震度１
2024/03/18,03:50:19.8,千葉県北西部,35°45.7′N,140°16.0′E,58 km,4.2,震度２
2024/03/18,02:25:14.8,福島県沖,37°09.6′N,141°25.8′E,44 km,3.9,震度３
2024/03/18,02:12:38.6,石川県能登地方,37°12.4′N,136°42.0′E,5 km,2.8,震度１
2024/03/17,17:57:07.5,千葉県東方沖,35°26.2′N,140°31.8′E,30 km,2.3,震度１
2024/03/17,14:31:52.0,千葉県東方沖,35°25.9′N,140°31.7′E,30 km,2.7,震度１
2024/03/17,12:38:34.7,東京都多摩東部,35°37.5′N,139°30.8′E,26 km,2.9,震度１
2024/03/17,09:48:34.4,青森県東方沖,41°25.4′N,141°46.9′E,68 km,3.4,震度１
2024/03/17,06:17:04.2,福島県沖,37°09.3′N,141°26.8′E,44 km,5.4,震度４
2024/03/16,23:49:40.3,京都府南部,34°55.1′N,135°40.0′E,12 km,2.4,震度１
2024/03/16,14:27:41.6,石川県西方沖,37°04.3′N,136°33.0′E,10 km,3.2,震度１
2024/03/16,14:13:21.5,能登半島沖,37°09.7′N,136°40.8′E,4 km,2.2,震度２
2024/03/16,08:32:06.5,石川県能登地方,37°22.1′N,136°51.6′E,9 km,2.4,震度１
2024/03/16,06:34:32.8,熊本県阿蘇地方,32°54.4′N,131°02.8′E,7 km,3.3,震度２
2024/03/15,20:04:01.7,奄美大島近海,28°30.3′N,130°12.1′E,35 km,4.9,震度２
2024/03/15,19:35:28.2,奄美大島近海,28°37.1′N,130°08.6′E,24 km,3.8,震度１
2024/03/15,19:34:09.2,奄美大島近海,28°32.4′N,130°05.9′E,31 km,4.7,震度３
2024/03/15,19:32:50.4,奄美大島近海,28°29.6′N,130°12.1′E,40 km,5.6,震度４
2024/03/15,19:28:09.8,石川県能登地方,37°29.5′N,137°13.8′E,9 km,3.6,震度２
2024/03/15,09:58:50.9,石川県能登地方,37°27.8′N,137°12.3′E,11 km,2.6,震度１
2024/03/15,05:07:21.5,胆振地方中東部,42°42.7′N,142°01.7′E,37 km,2.9,震度１
2024/03/15,00:14:36.0,福島県沖,37°04.3′N,141°09.8′E,50 km,5.8,震度５弱
2024/03/14,23:22:29.3,青森県東方沖,41°09.1′N,142°37.0′E,41 km,3.9,震度１
2024/03/14,21:05:03.0,能登半島沖,37°08.5′N,136°38.5′E,5 km,1.9,震度１
2024/03/14,18:37:51.6,青森県東方沖,41°29.9′N,142°02.7′E,57 km,4.1,震度２
2024/03/14,16:34:41.4,十勝地方北部,43°34.9′N,143°45.4′E,8 km,4.1,震度２
2024/03/14,16:05:58.2,石川県能登地方,37°13.4′N,136°43.3′E,4 km,2.9,震度１
2024/03/14,14:56:18.4,石川県能登地方,37°24.8′N,137°08.5′E,12 km,3.2,震度１
2024/03/14,12:49:39.0,能登半島沖,37°06.1′N,136°36.8′E,9 km,2.3,震度２
2024/03/14,11:07:00.5,能登半島沖,37°06.5′N,136°36.6′E,8 km,2.4,震度２
2024/03/14,10:18:01.9,石川県能登地方,37°16.5′N,136°51.1′E,9 km,2.7,震度１
2024/03/14,05:57:06.9,福島県会津,37°03.0′N,139°21.8′E,7 km,1.8,震度１
2024/03/14,04:54:39.3,茨城県南部,36°04.6′N,139°55.6′E,46 km,3.0,震度１
2024/03/14,03:05:17.0,宮崎県南部山沿い,31°55.9′N,130°59.0′E,8 km,2.5,震度１
2024/03/14,01:43:19.7,宮崎県南部山沿い,31°55.9′N,130°59.0′E,8 km,2.8,震度１
2024/03/13,20:24:42.7,福島県沖,37°05.6′N,141°07.8′E,51 km,4.7,震度４
2024/03/13,16:08:45.3,奄美大島近海,27°45.2′N,129°38.9′E,62 km,4.3,震度２
2024/03/13,10:10:49.8,福島県沖,37°09.5′N,141°27.3′E,44 km,3.6,震度１
2024/03/13,03:31:57.9,能登半島沖,37°07.7′N,136°41.2′E,6 km,4.1,震度３
2024/03/13,02:59:36.7,能登半島沖,37°07.0′N,136°38.1′E,7 km,2.0,震度１
2024/03/12,20:12:50.5,熊本県熊本地方,32°42.7′N,130°39.1′E,12 km,2.2,震度１
2024/03/12,14:10:18.4,石川県能登地方,37°12.1′N,136°44.6′E,7 km,2.7,震度１
2024/03/12,12:27:26.2,千葉県東方沖,35°23.2′N,140°24.7′E,30 km,3.0,震度３
2024/03/12,10:35:50.9,父島近海,27°31.9′N,142°19.8′E,43 km,4.2,震度１
2024/03/11,21:14:02.2,十勝地方北部,43°18.1′N,143°44.7′E,3 km,1.9,震度１
2024/03/11,16:53:32.4,能登半島沖,37°06.3′N,136°41.3′E,7 km,3.5,震度１
2024/03/11,11:32:19.6,奄美大島北東沖,29°03.8′N,129°52.0′E,52 km,3.8,震度１
2024/03/11,11:22:53.8,浦河沖,41°56.2′N,142°19.3′E,69 km,3.4,震度１
2024/03/11,09:29:53.4,石川県能登地方,37°23.5′N,136°52.8′E,6 km,1.9,震度１
2024/03/11,08:43:43.5,石川県能登地方,37°22.8′N,136°53.5′E,0 km,2.3,震度１
2024/03/11,02:03:24.7,福島県沖,37°48.3′N,141°37.7′E,56 km,3.7,震度１
2024/03/10,19:25:44.3,千葉県東方沖,35°22.1′N,140°28.8′E,27 km,2.6,震度１
2024/03/10,15:14:54.9,宮城県沖,37°57.2′N,141°44.8′E,55 km,4.3,震度２
2024/03/09,21:26:31.3,宮崎県北部平野部,32°25.9′N,131°31.4′E,12 km,3.3,震度２
2024/03/09,20:21:39.9,宮崎県北部平野部,32°25.8′N,131°31.4′E,13 km,3.5,震度２
2024/03/09,19:03:33.3,石川県能登地方,37°10.1′N,136°48.7′E,9 km,2.8,震度１
2024/03/09,18:09:06.4,能登半島沖,37°07.7′N,136°42.1′E,8 km,2.5,震度１
2024/03/09,16:56:21.3,釧路地方北部,43°36.3′N,144°24.1′E,5 km,1.1,震度１
2024/03/09,14:18:24.9,浦河沖,41°55.8′N,142°20.7′E,71 km,4.6,震度３
2024/03/09,12:47:25.3,石川県能登地方,37°25.0′N,137°06.3′E,12 km,3.8,震度２
2024/03/09,04:26:41.7,千葉県東方沖,35°23.4′N,140°25.2′E,28 km,4.4,震度４
2024/03/09,03:59:10.6,千葉県東方沖,35°23.7′N,140°24.7′E,28 km,2.5,震度２
2024/03/09,02:55:47.7,紀伊水道,34°12.9′N,135°05.1′E,9 km,3.6,震度３
2024/03/08,20:35:27.8,能登半島沖,37°21.3′N,136°42.0′E,8 km,3.5,震度１
2024/03/08,16:10:59.3,千葉県東方沖,35°22.7′N,140°24.6′E,27 km,2.7,震度２
2024/03/08,07:21:45.7,千葉県北東部,35°22.8′N,140°23.9′E,27 km,2.5,震度１
2024/03/08,05:54:53.6,岩手県沖,40°05.1′N,142°26.1′E,38 km,3.9,震度１
2024/03/08,02:58:18.4,伊豆半島東方沖,35°04.1′N,139°09.1′E,9 km,2.9,震度２
2024/03/08,02:50:48.2,石川県能登地方,37°12.6′N,136°52.2′E,11 km,2.7,震度２
2024/03/08,00:00:48.9,岩手県沖,40°08.5′N,142°27.5′E,39 km,4.3,震度１
2024/03/07,21:51:07.7,能登半島沖,37°08.3′N,136°38.6′E,6 km,1.8,震度１
2024/03/07,21:36:10.1,茨城県南部,36°11.7′N,140°01.7′E,52 km,3.2,震度１
2024/03/07,20:58:36.7,和歌山県北部,34°02.7′N,135°18.6′E,6 km,3.3,震度２
2024/03/07,20:54:16.0,能登半島沖,37°08.3′N,136°38.5′E,7 km,1.7,震度１
2024/03/07,19:36:05.7,紀伊水道,34°13.1′N,135°05.3′E,9 km,2.8,震度１
2024/03/07,17:14:07.0,宮崎県北部平野部,32°46.2′N,131°49.2′E,52 km,4.0,震度３
2024/03/07,16:43:58.2,石川県能登地方,37°23.0′N,136°55.9′E,7 km,2.3,震度１
2024/03/07,15:41:45.0,石川県能登地方,37°22.3′N,136°55.9′E,11 km,4.3,震度３
2024/03/07,14:25:44.4,宮崎県北部平野部,32°26.0′N,131°31.3′E,13 km,3.4,震度３
2024/03/07,14:19:10.8,宮崎県北部平野部,32°26.0′N,131°31.4′E,13 km,3.6,震度２
2024/03/07,11:28:02.6,紀伊水道,34°13.2′N,135°05.2′E,9 km,3.6,震度２
2024/03/07,07:32:39.0,千葉県東方沖,35°29.8′N,140°55.0′E,35 km,3.5,震度１
2024/03/07,05:40:27.3,山梨県東部・富士五湖,35°32.2′N,138°56.2′E,23 km,3.6,震度２
2024/03/07,02:29:44.4,奄美大島近海,28°30.6′N,129°04.4′E,17 km,3.3,震度１
2024/03/07,01:43:26.5,宮城県沖,37°54.5′N,141°45.2′E,60 km,3.8,震度１
2024/03/06,22:16:56.8,福島県沖,37°03.3′N,141°13.3′E,48 km,3.8,震度２
2024/03/06,17:09:43.1,千葉県北東部,35°30.7′N,140°25.1′E,33 km,3.3,震度３
2024/03/06,08:27:42.2,石川県能登地方,37°24.4′N,136°53.0′E,8 km,1.8,震度１
2024/03/06,08:21:01.8,茨城県南部,36°00.7′N,140°22.7′E,34 km,3.4,震度１
2024/03/06,04:25:35.7,能登半島沖,37°06.8′N,136°37.2′E,9 km,2.8,震度１
2024/03/05,21:59:38.5,石川県能登地方,37°22.1′N,137°05.5′E,12 km,3.2,震度１
2024/03/05,20:01:47.5,能登半島沖,37°07.3′N,136°40.1′E,8 km,3.3,震度２
2024/03/05,13:14:45.3,能登半島沖,37°34.6′N,137°27.2′E,13 km,3.5,震度１
2024/03/05,11:17:35.2,佐渡付近,37°44.9′N,137°39.2′E,19 km,4.2,震度１
2024/03/05,06:55:08.5,千葉県東方沖,35°25.9′N,140°31.3′E,29 km,2.7,震度１
2024/03/05,03:58:14.9,福島県沖,36°56.1′N,142°01.0′E,19 km,4.4,震度１
2024/03/05,02:36:06.1,千葉県東方沖,35°23.6′N,140°24.0′E,28 km,2.1,震度１
2024/03/05,02:06:23.7,千葉県南部,35°19.9′N,140°21.7′E,25 km,2.9,震度２
2024/03/05,01:30:44.7,千葉県南部,35°20.0′N,140°20.9′E,26 km,2.8,震度１
2024/03/04,21:42:33.5,石川県能登地方,37°29.5′N,137°14.2′E,13 km,3.3,震度２
2024/03/04,17:46:41.6,石川県能登地方,37°11.5′N,136°48.9′E,12 km,3.3,震度２
2024/03/04,17:31:20.5,能登半島沖,37°12.7′N,136°41.1′E,5 km,4.4,震度３
2024/03/04,14:53:03.3,能登半島沖,37°07.4′N,136°36.0′E,7 km,2.8,震度２
2024/03/04,13:03:47.0,愛知県西部,34°55.9′N,137°22.6′E,34 km,3.0,震度１
2024/03/04,06:03:42.7,熊本県熊本地方,32°43.8′N,130°48.8′E,14 km,2.8,震度１
2024/03/04,03:51:13.3,能登半島沖,37°06.1′N,136°37.1′E,8 km,3.4,震度２
2024/03/03,20:43:41.1,石川県能登地方,37°10.2′N,136°42.1′E,5 km,2.3,震度１
2024/03/03,19:23:51.7,能登半島沖,37°31.2′N,137°11.6′E,8 km,2.0,震度１
2024/03/03,18:22:37.3,石川県能登地方,37°25.3′N,137°09.3′E,10 km,3.2,震度１
2024/03/03,17:31:59.6,青森県東方沖,41°12.0′N,142°03.7′E,56 km,4.8,震度３
2024/03/03,13:08:50.7,千葉県東方沖,35°23.5′N,140°24.8′E,28 km,2.1,震度１
2024/03/03,08:09:55.0,奄美大島北西沖,28°46.8′N,128°16.9′E,159 km,4.8,震度１
2024/03/03,04:54:13.6,石川県能登地方,37°24.9′N,136°59.9′E,10 km,3.0,震度１
2024/03/03,04:40:51.2,千葉県東方沖,35°25.0′N,140°31.9′E,30 km,2.5,震度１
2024/03/03,02:34:29.0,石川県能登地方,37°11.5′N,136°48.1′E,9 km,2.7,震度１
2024/03/03,01:34:28.3,千葉県東方沖,35°25.2′N,140°31.8′E,30 km,2.8,震度１
2024/03/02,23:02:59.7,トカラ列島近海,29°55.4′N,130°03.1′E,9 km,2.3,震度１
2024/03/02,23:00:43.8,宮崎県北部平野部,32°26.1′N,131°31.4′E,13 km,4.3,震度４
2024/03/02,21:54:25.1,千葉県東方沖,35°23.3′N,140°24.9′E,28 km,2.0,震度１
2024/03/02,20:23:15.6,茨城県南部,36°02.6′N,139°54.1′E,44 km,3.8,震度３
2024/03/02,18:20:14.4,福島県沖,37°48.5′N,141°36.1′E,56 km,4.1,震度２
2024/03/02,16:31:18.5,北見地方,44°00.3′N,143°45.9′E,0 km,2.3,震度１
2024/03/02,10:49:03.3,石川県能登地方,37°23.3′N,136°52.5′E,0 km,1.9,震度１
2024/03/02,09:50:56.2,千葉県北東部,35°23.0′N,140°21.9′E,29 km,2.3,震度１
2024/03/02,09:44:51.6,千葉県南部,35°20.0′N,140°21.5′E,26 km,3.0,震度２
2024/03/02,07:13:57.8,千葉県東方沖,35°22.2′N,140°27.1′E,26 km,3.1,震度２
2024/03/02,03:56:27.7,福島県沖,36°58.2′N,141°20.8′E,17 km,3.8,震度１
2024/03/02,03:49:56.9,千葉県南部,35°19.3′N,140°21.5′E,25 km,3.0,震度２
2024/03/02,03:40:26.5,千葉県南部,35°19.5′N,140°21.5′E,25 km,4.4,震度３
2024/03/02,03:38:46.6,千葉県南部,35°19.8′N,140°21.1′E,25 km,3.8,震度３
2024/03/02,03:33:14.9,千葉県南部,35°19.4′N,140°21.1′E,24 km,2.9,震度２
2024/03/02,03:08:21.9,千葉県東方沖,35°30.3′N,140°31.8′E,31 km,3.0,震度２
2024/03/02,01:49:04.2,千葉県南部,35°18.9′N,140°20.8′E,26 km,5.0,震度４
2024/03/02,00:50:07.7,石川県能登地方,37°10.0′N,136°43.1′E,5 km,2.4,震度１
2024/03/01,22:41:37.8,千葉県南部,35°19.0′N,140°20.8′E,23 km,3.1,震度２
2024/03/01,21:44:55.8,青森県東方沖,41°11.2′N,141°41.9′E,80 km,4.1,震度２
2024/03/01,21:19:39.6,千葉県東方沖,35°25.4′N,140°31.9′E,30 km,3.0,震度２
2024/03/01,16:04:20.6,日高地方東部,42°20.2′N,143°00.2′E,52 km,3.6,震度１
2024/03/01,14:53:28.6,千葉県東方沖,35°23.1′N,140°29.6′E,28 km,2.5,震度１
2024/03/01,13:14:16.9,石川県能登地方,37°20.7′N,136°54.5′E,11 km,3.8,震度２
2024/03/01,05:43:16.6,千葉県東方沖,35°26.1′N,140°33.0′E,31 km,5.3,震度４
2024/03/01,05:38:37.3,千葉県南部,35°20.5′N,140°21.5′E,25 km,2.6,震度１
2024/03/01,05:35:03.3,千葉県南部,35°20.8′N,140°21.3′E,26 km,3.0,震度２
2024/03/01,01:01:54.5,茨城県南部,36°02.9′N,140°05.4′E,63 km,3.7,震度２
2024/03/01,00:37:39.0,石川県能登地方,37°10.8′N,136°43.9′E,4 km,2.6,震度１
2024/02/29,23:52:39.0,石川県能登地方,37°21.3′N,136°56.2′E,10 km,3.1,震度１
2024/02/29,18:35:42.0,千葉県東方沖,35°23.7′N,140°33.2′E,27 km,4.9,震度４
2024/02/29,17:55:06.4,秋田県内陸南部,39°55.6′N,140°51.2′E,4 km,2.9,震度１
2024/02/29,16:27:21.0,千葉県東方沖,35°23.2′N,140°33.1′E,29 km,4.6,震度３
2024/02/29,16:19:51.5,千葉県東方沖,35°23.1′N,140°33.1′E,29 km,3.0,震度１
2024/02/29,15:49:30.0,石川県能登地方,37°08.9′N,136°44.1′E,1 km,1.5,震度１
2024/02/29,12:30:39.1,千葉県東方沖,35°20.4′N,140°33.4′E,28 km,4.5,震度３
2024/02/29,11:25:12.9,千葉県東方沖,35°23.6′N,140°32.9′E,29 km,3.1,震度１
2024/02/29,11:13:08.8,千葉県東方沖,35°23.3′N,140°33.6′E,29 km,4.6,震度３
2024/02/29,10:37:29.8,石川県能登地方,37°12.9′N,136°48.4′E,10 km,2.9,震度１
2024/02/29,10:29:55.7,西表島付近,24°01.3′N,123°38.6′E,45 km,3.7,震度１
2024/02/29,08:45:54.5,千葉県東方沖,35°24.3′N,140°33.3′E,27 km,3.4,震度２
2024/02/29,08:42:47.3,千葉県東方沖,35°24.3′N,140°33.4′E,28 km,4.2,震度２
2024/02/29,08:40:16.3,千葉県東方沖,35°23.3′N,140°32.8′E,26 km,3.0,震度１
2024/02/29,04:15:34.2,千葉県東方沖,35°08.7′N,140°33.3′E,17 km,2.7,震度１
2024/02/28,22:59:59.9,石川県能登地方,37°28.8′N,137°15.0′E,10 km,2.7,震度１
2024/02/28,22:43:34.1,浦河沖,41°59.2′N,142°32.6′E,67 km,4.5,震度３
2024/02/28,21:26:44.1,留萌地方南部,44°02.7′N,142°02.1′E,0 km,2.4,震度１
2024/02/28,20:14:41.9,千葉県東方沖,35°22.3′N,140°31.1′E,28 km,3.3,震度１
2024/02/28,17:29:15.3,京都府南部,35°03.3′N,135°33.4′E,13 km,3.3,震度１
2024/02/28,17:13:05.6,福島県会津,37°25.4′N,139°41.6′E,4 km,2.3,震度１
2024/02/28,16:43:00.3,石川県能登地方,37°22.8′N,136°53.7′E,0 km,2.0,震度１
2024/02/28,16:41:51.3,石川県能登地方,37°23.8′N,136°52.6′E,7 km,2.1,震度１
2024/02/28,16:14:29.8,石川県能登地方,37°23.3′N,136°52.3′E,5 km,3.8,震度３
2024/02/28,16:05:43.5,宮城県沖,38°18.7′N,141°54.2′E,63 km,3.6,震度１
2024/02/28,12:05:58.0,千葉県東方沖,35°20.0′N,140°34.6′E,24 km,3.4,震度１
2024/02/28,07:09:40.0,石川県能登地方,37°18.5′N,136°59.1′E,9 km,2.6,震度１
2024/02/28,05:54:53.2,石川県能登地方,37°23.3′N,137°00.1′E,7 km,2.7,震度１
2024/02/28,04:12:45.9,北海道北西沖,44°23.3′N,141°39.7′E,10 km,1.9,震度１
2024/02/27,23:58:19.0,石川県能登地方,37°24.4′N,136°53.7′E,5 km,2.0,震度１
2024/02/27,23:15:34.4,石川県能登地方,37°24.3′N,136°52.0′E,8 km,1.5,震度１
2024/02/27,22:23:22.9,茨城県南部,36°19.4′N,140°02.0′E,72 km,3.4,震度１
2024/02/27,22:05:48.7,石川県能登地方,37°24.9′N,136°53.9′E,8 km,1.9,震度１
2024/02/27,21:43:56.4,千葉県東方沖,35°14.4′N,140°38.6′E,23 km,4.3,震度２
2024/02/27,21:00:05.1,石川県能登地方,37°24.0′N,136°54.2′E,7 km,1.4,震度１
2024/02/27,20:27:11.7,石川県能登地方,37°22.7′N,136°54.1′E,0 km,1.6,震度１
2024/02/27,17:35:15.3,石川県能登地方,37°24.2′N,136°54.4′E,7 km,1.7,震度１
2024/02/27,14:19:44.3,石川県能登地方,37°22.9′N,136°53.2′E,6 km,3.0,震度３
2024/02/27,14:10:21.9,石川県能登地方,37°23.1′N,136°53.3′E,6 km,2.9,震度３
2024/02/27,13:09:11.0,石川県能登地方,37°20.0′N,136°46.3′E,10 km,3.0,震度１
2024/02/27,11:46:51.1,岐阜県美濃中西部,35°47.5′N,136°50.0′E,9 km,2.8,震度１
2024/02/27,06:40:18.3,福島県沖,37°49.7′N,141°45.8′E,54 km,4.7,震度３
2024/02/27,03:30:21.3,沖縄本島近海,26°25.3′N,127°37.0′E,52 km,3.7,震度１
2024/02/27,03:19:59.4,千葉県北東部,35°44.6′N,140°38.4′E,50 km,3.1,震度１
2024/02/27,03:17:55.5,石川県能登地方,37°27.3′N,137°10.8′E,13 km,2.7,震度１
2024/02/26,22:20:20.4,茨城県沖,36°34.7′N,140°44.7′E,13 km,2.4,震度１
2024/02/26,15:24:13.5,伊予灘,33°38.5′N,132°28.2′E,47 km,5.1,震度４
2024/02/26,14:29:39.3,石川県能登地方,37°21.5′N,136°59.8′E,10 km,3.0,震度１
2024/02/26,08:44:22.2,岩手県沿岸北部,39°45.5′N,141°50.5′E,58 km,3.7,震度１
2024/02/26,08:06:37.4,茨城県南部,36°05.0′N,139°55.9′E,46 km,3.0,震度１
2024/02/26,03:39:49.1,石川県能登地方,37°27.7′N,137°10.1′E,12 km,3.1,震度１
2024/02/26,01:37:41.9,能登半島沖,37°25.4′N,136°53.2′E,10 km,1.6,震度１
2024/02/26,01:32:37.4,岐阜県飛騨地方,36°05.9′N,137°26.7′E,6 km,2.6,震度１
2024/02/25,23:47:31.0,石川県能登地方,37°21.3′N,136°52.5′E,6 km,2.4,震度１
2024/02/25,18:27:13.7,石川県能登地方,37°22.3′N,136°54.4′E,8 km,2.6,震度１
2024/02/25,15:27:12.8,福島県沖,37°50.5′N,141°36.7′E,50 km,3.8,震度１
2024/02/25,13:41:00.5,石川県能登地方,37°20.9′N,136°52.7′E,0 km,2.3,震度１
2024/02/25,11:30:48.6,能登半島沖,37°09.4′N,136°40.3′E,3 km,1.5,震度１
2024/02/25,09:28:10.0,奄美大島近海,28°04.5′N,129°21.3′E,39 km,4.0,震度２
2024/02/25,08:24:34.6,三重県南部,34°30.7′N,136°38.6′E,36 km,3.3,震度１
2024/02/24,21:09:18.6,豊後水道,33°09.0′N,132°13.6′E,44 km,3.2,震度１
2024/02/24,19:17:40.7,三陸沖,39°32.7′N,143°33.0′E,13 km,5.2,震度２
2024/02/24,16:43:51.6,沖縄本島近海,25°48.8′N,129°28.6′E,45 km,4.5,震度１
2024/02/24,12:57:53.0,宮城県沖,38°22.3′N,141°49.4′E,58 km,4.1,震度２
2024/02/24,08:10:42.3,東海道南方沖,32°12.7′N,137°40.2′E,416 km,5.3,震度１
2024/02/24,06:32:57.6,茨城県沖,36°11.0′N,141°00.6′E,39 km,3.5,震度１
2024/02/24,04:52:58.3,岩手県沖,39°36.5′N,142°26.7′E,30 km,3.5,震度１
2024/02/24,01:54:11.9,宮城県沖,38°32.3′N,141°44.1′E,53 km,3.5,震度１
2024/02/23,20:52:57.9,島根県東部,35°08.5′N,132°39.9′E,8 km,3.0,震度１
2024/02/23,20:21:11.9,熊本県熊本地方,32°42.2′N,130°37.0′E,10 km,2.9,震度１
2024/02/23,13:55:59.0,埼玉県南部,35°57.4′N,139°34.7′E,46 km,3.1,震度１
2024/02/22,18:55:53.2,能登半島沖,37°30.8′N,137°09.5′E,7 km,2.1,震度１
2024/02/22,13:22:40.5,宮古島近海,24°48.1′N,125°21.1′E,46 km,4.4,震度３
2024/02/21,22:32:53.7,石川県能登地方,37°29.2′N,137°13.1′E,9 km,2.7,震度１
2024/02/21,20:28:27.6,岩手県沖,40°21.9′N,142°12.4′E,46 km,3.7,震度１
2024/02/21,20:21:12.7,岩手県沖,40°22.1′N,142°12.0′E,46 km,3.9,震度１
2024/02/21,19:24:54.8,石川県能登地方,37°10.3′N,136°41.2′E,3 km,2.1,震度１
2024/02/21,18:38:51.8,トカラ列島近海,28°39.7′N,129°08.6′E,67 km,3.6,震度１
2024/02/21,18:27:29.6,愛媛県南予,33°12.4′N,132°39.8′E,37 km,3.9,震度３
2024/02/21,16:30:59.8,長野県南部,35°52.8′N,137°34.9′E,4 km,2.7,震度１
2024/02/21,11:34:04.2,石川県能登地方,37°28.8′N,137°17.8′E,13 km,3.3,震度３
2024/02/21,06:49:00.8,神奈川県西部,35°35.1′N,139°23.2′E,26 km,2.5,震度１
2024/02/21,06:12:25.6,東京都多摩東部,35°38.3′N,139°30.5′E,28 km,2.3,震度１
2024/02/21,03:58:27.8,石川県能登地方,37°31.4′N,137°15.2′E,11 km,3.4,震度２
2024/02/20,23:57:30.5,与那国島近海,23°40.6′N,123°16.2′E,47 km,5.4,震度１
2024/02/20,22:56:27.2,与那国島近海,23°40.7′N,123°16.5′E,47 km,5.2,震度１
2024/02/20,21:19:31.1,石川県能登地方,37°10.3′N,136°42.2′E,6 km,2.9,震度２
2024/02/20,15:30:40.3,石川県能登地方,37°09.7′N,136°52.1′E,11 km,3.0,震度１
2024/02/20,14:12:17.5,島根県東部,35°23.7′N,133°17.6′E,11 km,2.5,震度１
2024/02/20,13:40:25.2,石川県能登地方,37°15.3′N,136°44.7′E,8 km,2.8,震度１
2024/02/20,06:33:09.6,石川県能登地方,37°14.6′N,136°53.2′E,11 km,2.6,震度１
2024/02/20,01:26:53.9,秋田県内陸北部,40°05.7′N,140°37.6′E,5 km,2.9,震度１
2024/02/19,18:28:43.3,新潟県上中越沖,37°33.3′N,137°36.9′E,17 km,3.4,震度１
2024/02/19,13:36:42.8,石川県能登地方,37°09.0′N,136°44.4′E,3 km,1.9,震度１
2024/02/19,11:35:03.6,岩手県沖,39°06.4′N,142°07.3′E,45 km,3.3,震度１
2024/02/19,11:21:13.4,宮城県沖,38°19.0′N,141°46.2′E,50 km,3.9,震度２
2024/02/19,03:57:25.0,石川県能登地方,37°12.2′N,136°42.9′E,8 km,3.0,震度１
2024/02/19,00:31:59.4,和歌山県北部,34°00.1′N,135°14.1′E,7 km,2.9,震度２
2024/02/18,21:25:57.4,根室半島南東沖,43°11.7′N,145°26.1′E,91 km,3.8,震度１
2024/02/18,19:47:59.8,福井県嶺北,36°02.5′N,136°43.5′E,4 km,3.4,震度１
2024/02/18,17:09:03.0,石川県能登地方,37°09.7′N,136°44.4′E,5 km,2.0,震度１
2024/02/18,16:14:44.5,千葉県南部,35°25.2′N,139°55.9′E,113 km,4.1,震度２
2024/02/18,10:16:09.2,宮城県南部,38°15.0′N,140°37.4′E,10 km,2.4,震度１
2024/02/18,07:00:44.9,熊本県阿蘇地方,33°01.1′N,131°09.8′E,9 km,2.7,震度１
2024/02/18,06:43:42.8,西表島付近,23°57.3′N,123°35.2′E,33 km,4.6,震度１
2024/02/18,03:23:46.2,石川県能登地方,37°11.3′N,136°42.2′E,4 km,2.1,震度１
2024/02/18,00:45:36.8,石川県能登地方,37°23.4′N,136°52.8′E,0 km,1.9,震度１
2024/02/18,00:09:00.9,石川県能登地方,37°23.7′N,136°52.8′E,6 km,2.3,震度２
2024/02/18,00:01:40.6,石川県能登地方,37°23.0′N,136°52.8′E,7 km,1.8,震度１
2024/02/18,00:00:52.3,石川県能登地方,37°23.6′N,136°52.1′E,7 km,2.4,震度２
2024/02/17,20:47:28.3,岩手県沖,40°05.6′N,142°26.6′E,38 km,4.5,震度２
2024/02/17,15:33:34.3,択捉島南東沖,44°14.8′N,147°52.3′E,0 km,4.8,震度１
2024/02/17,12:34:14.0,石川県能登地方,37°19.2′N,136°56.7′E,12 km,3.0,震度１
2024/02/17,12:24:53.9,石川県能登地方,37°09.9′N,136°43.3′E,5 km,2.8,震度１
2024/02/17,07:14:30.2,石川県能登地方,37°11.7′N,136°50.2′E,11 km,3.4,震度２
2024/02/17,06:23:30.6,石川県能登地方,37°11.7′N,136°50.4′E,11 km,3.5,震度３
2024/02/17,04:17:20.3,京都府南部,35°03.2′N,135°33.3′E,12 km,2.4,震度１
2024/02/17,03:48:44.7,京都府南部,35°03.2′N,135°33.2′E,12 km,3.0,震度１
2024/02/16,23:31:01.6,宮崎県南部山沿い,31°55.7′N,131°01.1′E,7 km,3.0,震度２
2024/02/16,22:29:53.0,能登半島沖,37°07.7′N,136°41.1′E,9 km,3.1,震度１
2024/02/16,18:52:13.1,茨城県南部,36°05.1′N,139°52.5′E,47 km,3.9,震度３
2024/02/16,17:49:51.6,石川県能登地方,37°27.7′N,137°13.0′E,14 km,2.9,震度２
2024/02/16,12:11:42.7,石川県能登地方,37°08.7′N,136°44.9′E,4 km,1.7,震度１
2024/02/16,09:43:18.1,青森県東方沖,40°58.6′N,142°00.1′E,59 km,3.8,震度２
2024/02/16,06:46:56.1,能登半島沖,37°08.5′N,136°43.5′E,7 km,3.1,震度２
2024/02/16,03:07:17.5,種子島近海,30°34.1′N,131°02.6′E,13 km,2.9,震度１
2024/02/16,02:18:59.8,茨城県沖,36°40.6′N,141°07.7′E,51 km,4.0,震度２
2024/02/16,01:56:28.5,石川県能登地方,37°09.6′N,136°42.4′E,5 km,2.4,震度１
2024/02/15,22:06:41.6,岩手県沖,39°01.4′N,142°17.5′E,44 km,3.3,震度１
2024/02/15,20:00:22.4,新潟県上中越沖,37°33.4′N,137°37.0′E,17 km,4.3,震度２
2024/02/15,19:27:41.3,新潟県上中越沖,37°33.1′N,137°37.2′E,16 km,3.5,震度１
2024/02/15,18:38:50.9,宮城県沖,37°58.7′N,141°48.1′E,60 km,3.8,震度１
2024/02/15,15:29:43.1,新潟県上中越沖,37°33.2′N,137°37.0′E,16 km,5.0,震度３
2024/02/15,14:22:38.9,石川県能登地方,37°12.1′N,136°50.1′E,11 km,3.2,震度２
2024/02/15,12:48:19.4,佐渡付近,37°52.8′N,137°45.4′E,21 km,4.9,震度３
2024/02/15,11:49:57.2,石川県能登地方,37°13.9′N,136°48.3′E,8 km,3.2,震度１
2024/02/15,10:08:22.9,京都府南部,35°03.3′N,135°33.1′E,12 km,3.7,震度３
2024/02/15,02:25:46.8,岩手県内陸北部,39°42.2′N,141°15.2′E,85 km,4.1,震度２
2024/02/15,00:59:56.0,石川県能登地方,37°12.8′N,136°48.3′E,7 km,3.2,震度１
2024/02/14,21:48:33.9,石川県能登地方,37°25.2′N,137°09.6′E,7 km,3.1,震度１
2024/02/14,17:11:21.1,青森県東方沖,41°33.7′N,142°06.0′E,53 km,4.2,震度２
2024/02/14,15:53:57.9,鳥島近海,31°54.4′N,138°14.3′E,382 km,5.0,震度１
2024/02/14,15:34:17.3,能登半島沖,37°21.5′N,136°43.6′E,8 km,4.1,震度２
2024/02/14,15:29:00.4,京都府南部,35°03.2′N,135°33.3′E,12 km,4.4,震度４
2024/02/14,15:15:20.1,石川県能登地方,37°12.4′N,136°43.7′E,6 km,2.8,震度１
2024/02/14,13:39:23.5,福島県沖,37°27.6′N,141°32.9′E,46 km,3.5,震度１
2024/02/14,10:32:53.8,石川県能登地方,37°12.9′N,136°47.1′E,11 km,4.5,震度４
2024/02/14,04:57:34.9,熊本県球磨地方,32°16.0′N,130°38.4′E,4 km,2.1,震度２
2024/02/14,02:13:28.7,石川県能登地方,37°27.8′N,137°16.0′E,13 km,3.2,震度１
2024/02/14,02:05:54.6,石川県能登地方,37°26.2′N,137°11.5′E,15 km,2.8,震度１
2024/02/14,01:00:00.0,石川県能登地方,37°12.3′N,136°48.2′E,7 km,3.1,震度１
2024/02/14,00:01:45.5,石川県能登地方,37°24.9′N,137°09.4′E,10 km,3.2,震度１
2024/02/13,20:34:30.4,石川県能登地方,37°19.0′N,136°52.1′E,10 km,2.8,震度１
2024/02/13,13:06:55.8,茨城県南部,36°09.9′N,140°02.1′E,68 km,3.6,震度１
2024/02/12,20:19:40.4,硫黄島近海,22°24.3′N,142°35.9′E,267 km,6.5,震度１
2024/02/12,19:37:25.0,石川県能登地方,37°29.1′N,137°15.2′E,11 km,2.9,震度１
2024/02/12,19:35:12.8,能登半島沖,37°09.2′N,136°39.2′E,8 km,3.4,震度２
2024/02/12,13:26:16.4,石川県能登地方,37°21.7′N,136°52.0′E,8 km,3.1,震度２
2024/02/12,11:01:06.8,鹿児島県薩摩地方,31°49.7′N,130°44.1′E,9 km,2.9,震度１
2024/02/12,06:40:57.6,石川県能登地方,37°22.1′N,136°58.7′E,7 km,2.7,震度１
2024/02/12,05:31:55.2,兵庫県南東部,34°56.0′N,135°22.4′E,6 km,3.3,震度２
2024/02/12,04:23:42.8,能登半島沖,37°33.2′N,137°21.3′E,12 km,3.7,震度１
2024/02/12,04:12:57.8,石川県能登地方,37°22.3′N,136°58.7′E,7 km,2.6,震度１
2024/02/11,23:48:52.6,能登半島沖,37°17.0′N,136°41.5′E,10 km,3.9,震度２
2024/02/11,23:26:35.9,石川県能登地方,37°09.9′N,136°41.4′E,4 km,3.2,震度２
2024/02/11,18:35:13.7,新潟県上中越沖,37°41.6′N,137°34.8′E,19 km,4.2,震度２
2024/02/11,18:18:54.1,石川県能登地方,37°25.8′N,137°10.1′E,14 km,3.3,震度１
2024/02/11,15:44:27.9,千葉県南東沖,35°02.4′N,140°11.5′E,32 km,2.9,震度１
2024/02/11,12:35:59.4,石川県能登地方,37°26.0′N,137°10.6′E,15 km,4.7,震度４
2024/02/11,11:25:45.7,茨城県南部,36°08.7′N,140°05.4′E,65 km,3.8,震度２
2024/02/11,00:34:41.0,新潟県上中越沖,37°37.7′N,137°34.6′E,16 km,4.1,震度２
2024/02/10,21:59:44.0,石川県能登地方,37°09.4′N,136°42.8′E,5 km,2.2,震度１
2024/02/10,21:40:21.6,千葉県北西部,35°35.0′N,140°07.6′E,69 km,3.0,震度１
2024/02/10,21:37:18.1,福島県会津,37°16.2′N,139°55.9′E,8 km,2.1,震度１
2024/02/10,17:16:17.6,石川県能登地方,37°11.1′N,136°42.6′E,3 km,2.7,震度２
2024/02/10,16:47:34.0,茨城県南部,36°18.4′N,140°05.0′E,69 km,4.0,震度３
2024/02/10,16:09:59.6,能登半島沖,37°10.3′N,136°39.0′E,4 km,2.5,震度２
2024/02/10,10:59:27.9,福島県会津,37°16.0′N,139°55.8′E,8 km,2.0,震度１
2024/02/10,10:21:11.9,能登半島沖,37°08.3′N,136°43.2′E,5 km,2.2,震度２
2024/02/10,10:15:56.0,宮城県南部,38°15.0′N,140°37.4′E,10 km,2.5,震度１
2024/02/10,07:48:59.7,石川県能登地方,37°09.7′N,136°41.1′E,3 km,2.1,震度２
2024/02/10,05:18:51.9,能登半島沖,37°34.5′N,137°24.3′E,12 km,4.1,震度２
2024/02/10,04:58:57.9,石川県能登地方,37°20.5′N,136°58.7′E,12 km,3.1,震度１
2024/02/10,02:28:23.8,宮城県沖,38°53.4′N,141°36.0′E,73 km,3.0,震度１
2024/02/09,23:40:48.7,埼玉県南部,35°58.9′N,139°49.9′E,83 km,3.9,震度２
2024/02/09,18:50:23.0,石川県能登地方,37°21.7′N,136°52.5′E,8 km,2.9,震度１
2024/02/09,17:42:32.8,伊豆半島東方沖,34°57.6′N,139°13.7′E,172 km,4.9,震度２
2024/02/09,11:58:50.4,石川県能登地方,37°19.8′N,136°50.2′E,7 km,3.1,震度１
2024/02/09,09:30:34.7,能登半島沖,37°06.6′N,136°39.2′E,6 km,3.0,震度２
2024/02/09,07:18:57.5,福岡県福岡地方,33°50.4′N,130°33.8′E,17 km,3.2,震度１
2024/02/09,05:52:21.3,石川県能登地方,37°13.2′N,136°51.6′E,9 km,2.2,震度１
2024/02/09,04:36:50.1,石川県能登地方,37°25.5′N,137°03.8′E,8 km,2.7,震度１
2024/02/09,02:42:52.2,茨城県沖,36°31.4′N,140°41.2′E,54 km,3.0,震度１
2024/02/08,21:49:32.3,石川県能登地方,37°23.1′N,136°56.9′E,9 km,3.3,震度２
2024/02/08,19:21:28.2,天草灘,31°58.6′N,130°05.3′E,9 km,3.0,震度１
2024/02/08,13:26:34.5,福島県沖,37°40.4′N,141°31.2′E,56 km,3.9,震度２
2024/02/08,06:38:12.1,能登半島沖,37°08.2′N,136°41.4′E,7 km,2.0,震度１
2024/02/08,05:42:17.5,釧路沖,42°52.1′N,144°56.3′E,51 km,3.3,震度１
2024/02/08,01:25:30.2,石川県能登地方,37°13.5′N,136°42.4′E,4 km,3.1,震度１
2024/02/08,01:13:36.7,石川県西方沖,36°59.7′N,136°25.4′E,13 km,3.8,震度１
2024/02/08,00:55:31.3,石川県能登地方,37°24.3′N,136°54.0′E,7 km,2.0,震度１
2024/02/08,00:47:29.5,種子島近海,30°16.1′N,130°55.6′E,15 km,2.9,震度１
2024/02/08,00:45:37.3,石川県能登地方,37°12.7′N,136°43.9′E,11 km,3.3,震度１
2024/02/07,23:24:04.8,石川県能登地方,37°09.0′N,136°43.7′E,4 km,2.0,震度１
2024/02/07,20:59:31.8,和歌山県北部,34°00.0′N,135°14.1′E,7 km,4.1,震度４
2024/02/07,18:44:56.8,石川県能登地方,37°14.8′N,136°45.4′E,9 km,3.1,震度１
2024/02/07,17:16:36.1,石川県能登地方,37°27.9′N,137°07.4′E,11 km,3.4,震度１
2024/02/07,17:09:38.1,茨城県南部,36°02.3′N,140°05.8′E,63 km,3.4,震度１
2024/02/07,16:25:10.6,岩手県沖,39°14.7′N,142°24.4′E,31 km,4.2,震度２
2024/02/07,11:15:28.5,石川県能登地方,37°12.2′N,136°48.5′E,9 km,3.1,震度２
2024/02/07,07:47:59.5,石川県能登地方,37°27.9′N,137°07.5′E,11 km,3.2,震度１
2024/02/07,07:17:30.2,石川県能登地方,37°11.7′N,136°41.3′E,6 km,2.7,震度１
2024/02/07,06:08:15.1,佐渡付近,37°43.9′N,137°35.0′E,20 km,5.2,震度４
2024/02/07,00:17:42.7,石川県能登地方,37°23.6′N,136°53.6′E,0 km,2.1,震度１
2024/02/06,23:57:58.0,愛知県西部,35°14.4′N,137°32.3′E,47 km,3.4,震度２
2024/02/06,14:36:38.3,青森県津軽南部,40°36.9′N,140°29.7′E,11 km,2.2,震度１
2024/02/06,11:56:38.0,石川県能登地方,37°11.8′N,136°50.5′E,10 km,4.1,震度３
2024/02/06,11:12:11.7,トカラ列島近海,29°56.6′N,129°59.8′E,11 km,3.0,震度２
2024/02/06,10:55:27.6,北海道南西沖,41°56.2′N,139°11.8′E,19 km,3.6,震度１
2024/02/06,06:37:56.8,宮城県南部,38°14.9′N,140°37.2′E,9 km,3.2,震度２
2024/02/06,04:21:07.2,根室半島南東沖,43°22.3′N,146°11.2′E,79 km,4.1,震度１
2024/02/06,04:04:10.1,硫黄島近海,22°24.7′N,143°24.8′E,173 km,5.7,震度１
2024/02/06,02:59:00.8,日向灘,32°08.5′N,131°53.2′E,30 km,3.9,震度２
2024/02/06,02:23:46.1,石川県能登地方,37°13.2′N,136°53.4′E,10 km,3.2,震度２
2024/02/06,00:39:09.1,鹿児島県大隅地方,31°37.2′N,130°58.5′E,9 km,3.0,震度２
2024/02/05,17:30:49.5,大隅半島東方沖,30°45.9′N,131°29.0′E,42 km,4.7,震度２
2024/02/05,11:38:31.4,石川県西方沖,37°00.1′N,136°25.5′E,12 km,4.0,震度２
2024/02/05,11:30:39.8,福島県沖,37°45.6′N,141°38.2′E,57 km,3.9,震度１
2024/02/05,09:25:27.2,石川県能登地方,37°11.8′N,136°41.7′E,7 km,2.7,震度１
2024/02/05,08:55:07.5,和歌山県北部,33°55.0′N,135°13.5′E,7 km,2.4,震度１
2024/02/05,07:09:24.2,能登半島沖,37°32.4′N,137°08.6′E,9 km,1.8,震度１
2024/02/05,03:42:22.9,紀伊水道,33°51.0′N,134°58.7′E,13 km,3.0,震度１
2024/02/05,03:29:12.6,能登半島沖,37°08.5′N,136°43.3′E,5 km,2.0,震度２
2024/02/05,00:57:14.6,石川県能登地方,37°15.8′N,136°50.5′E,12 km,3.6,震度２
2024/02/04,19:44:51.7,鹿児島県薩摩地方,31°50.6′N,130°46.9′E,8 km,2.8,震度１
2024/02/04,19:00:29.8,石川県能登地方,37°20.8′N,136°49.7′E,7 km,2.4,震度１
2024/02/04,18:53:17.9,石川県能登地方,37°09.3′N,136°42.0′E,6 km,2.7,震度１
2024/02/04,17:43:43.5,愛媛県東予,34°01.2′N,133°38.0′E,8 km,2.4,震度１
2024/02/04,16:57:22.9,石川県能登地方,37°22.8′N,136°51.5′E,10 km,2.8,震度１
2024/02/04,14:53:11.5,薩摩半島西方沖,31°17.3′N,129°56.4′E,8 km,3.2,震度１
2024/02/04,11:32:47.6,宮城県沖,38°20.5′N,141°44.9′E,51 km,3.6,震度１
2024/02/04,10:24:25.9,択捉島南東沖,44°16.4′N,148°04.9′E,0 km,4.6,震度１
2024/02/04,06:43:35.3,能登半島沖,37°11.3′N,136°40.8′E,10 km,3.9,震度２
2024/02/04,06:10:06.8,天草灘,32°22.8′N,129°54.4′E,12 km,3.5,震度１
2024/02/04,03:46:38.2,能登半島沖,37°09.1′N,136°39.7′E,9 km,2.6,震度１
2024/02/04,01:16:03.2,石川県能登地方,37°27.9′N,137°15.2′E,12 km,4.1,震度３
2024/02/03,22:09:03.8,能登半島沖,37°07.0′N,136°39.2′E,10 km,3.7,震度２
2024/02/03,16:54:55.0,石川県能登地方,37°31.5′N,137°15.1′E,11 km,2.9,震度１
2024/02/03,15:09:04.7,山梨県東部・富士五湖,35°28.5′N,138°59.7′E,25 km,4.0,震度３
2024/02/03,10:59:42.8,石川県能登地方,37°17.0′N,136°45.5′E,12 km,3.5,震度１
2024/02/03,08:59:41.4,日向灘,32°14.0′N,132°01.8′E,32 km,3.1,震度１
2024/02/03,07:31:02.3,茨城県沖,35°55.3′N,141°02.3′E,14 km,3.4,震度１
2024/02/03,05:13:12.1,能登半島沖,37°15.1′N,136°41.5′E,8 km,3.7,震度２
2024/02/03,03:16:20.6,石川県能登地方,37°27.1′N,137°08.9′E,9 km,2.6,震度１
2024/02/03,00:20:09.0,石川県能登地方,37°10.0′N,136°46.3′E,10 km,3.3,震度１
2024/02/03,00:18:58.7,奄美大島近海,28°01.9′N,129°00.6′E,38 km,3.6,震度２
2024/02/02,22:24:09.5,富山県西部,36°46.8′N,136°56.0′E,8 km,2.8,震度１
2024/02/02,20:50:55.4,能登半島沖,37°34.1′N,137°21.7′E,8 km,3.4,震度１
2024/02/02,20:44:02.5,宮城県沖,38°55.3′N,141°55.9′E,51 km,3.7,震度１
2024/02/02,14:40:54.4,石川県能登地方,37°13.7′N,136°51.0′E,9 km,3.0,震度２
2024/02/02,11:58:43.6,石川県能登地方,37°10.7′N,136°50.1′E,11 km,2.8,震度１
2024/02/02,07:26:20.7,与那国島近海,23°39.8′N,123°16.0′E,38 km,5.2,震度１
2024/02/02,02:58:07.0,石川県能登地方,37°13.4′N,136°53.1′E,10 km,2.6,震度１
2024/02/02,01:45:28.8,石川県能登地方,37°13.4′N,136°53.1′E,10 km,4.1,震度３
2024/02/02,00:52:57.3,天草灘,32°06.3′N,129°40.1′E,10 km,3.5,震度１
2024/02/01,17:40:24.3,石川県能登地方,37°22.6′N,137°09.1′E,12 km,2.9,震度１
2024/02/01,15:45:08.6,新潟県上中越沖,37°03.0′N,137°45.0′E,0 km,2.3,震度１
2024/02/01,14:31:41.8,トカラ列島近海,29°59.7′N,129°58.7′E,0 km,2.0,震度１
2024/02/01,14:11:00.0,トカラ列島近海,29°58.8′N,129°58.0′E,11 km,2.4,震度１
2024/02/01,14:10:25.4,佐渡付近,37°55.3′N,137°45.9′E,25 km,3.9,震度１
2024/02/01,14:08:20.3,新潟県上中越沖,37°03.0′N,137°44.6′E,0 km,3.1,震度２
2024/02/01,13:43:28.8,石川県西方沖,36°59.7′N,136°25.9′E,11 km,4.0,震度２
2024/02/01,12:26:41.3,石川県能登地方,37°22.1′N,136°51.9′E,0 km,2.1,震度１
2024/02/01,11:47:00.7,石川県能登地方,37°21.4′N,137°05.3′E,10 km,2.9,震度１
2024/02/01,11:39:45.3,石川県能登地方,37°09.7′N,136°42.5′E,6 km,2.7,震度１
2024/02/01,10:30:42.9,石川県能登地方,37°27.7′N,137°12.7′E,13 km,2.5,震度１
2024/02/01,08:47:57.7,石川県能登地方,37°23.1′N,136°53.5′E,6 km,2.3,震度２
2024/02/01,08:07:13.1,石川県能登地方,37°20.6′N,136°46.6′E,12 km,4.5,震度３
2024/02/01,05:50:51.1,石川県西方沖,37°03.6′N,136°37.7′E,7 km,3.1,震度１
2024/02/01,05:35:48.2,石川県能登地方,37°21.8′N,136°57.5′E,11 km,2.7,震度１
2024/02/01,04:20:08.9,千葉県北西部,35°41.8′N,139°58.0′E,67 km,3.4,震度１
2024/02/01,02:04:14.0,石川県能登地方,37°09.7′N,136°42.3′E,5 km,3.4,震度３
2024/02/01,01:55:25.1,石川県能登地方,37°09.6′N,136°44.5′E,4 km,2.1,震度１
2024/01/31,22:08:49.8,能登半島沖,37°25.0′N,136°59.0′E,6 km,3.1,震度１
2024/01/31,18:58:18.1,能登半島沖,37°07.4′N,136°40.8′E,6 km,2.7,震度１
2024/01/31,16:20:58.4,徳島県南部,33°45.5′N,134°07.9′E,33 km,3.5,震度１
2024/01/31,12:55:21.8,石川県能登地方,37°29.1′N,137°15.6′E,12 km,3.2,震度２
2024/01/31,09:51:35.5,茨城県南部,35°54.5′N,140°21.8′E,38 km,3.1,震度１
2024/01/31,08:40:14.9,石川県能登地方,37°28.9′N,137°14.4′E,7 km,2.4,震度１
2024/01/31,07:47:45.8,石川県能登地方,37°20.3′N,136°58.6′E,11 km,3.3,震度２
2024/01/31,02:09:43.9,石川県能登地方,37°10.1′N,136°41.1′E,3 km,1.9,震度１
2024/01/30,20:55:55.1,石川県能登地方,37°14.1′N,136°47.8′E,8 km,2.9,震度１
2024/01/30,19:37:16.1,能登半島沖,37°09.2′N,136°39.6′E,6 km,3.0,震度３
2024/01/30,19:35:52.8,北海道東方沖,43°24.0′N,146°46.6′E,47 km,4.1,震度１
2024/01/30,17:42:01.2,能登半島沖,37°32.7′N,137°22.4′E,8 km,3.0,震度１
2024/01/30,15:58:58.0,石川県能登地方,37°21.6′N,136°47.3′E,8 km,3.3,震度２
2024/01/30,15:10:07.6,山梨県東部・富士五湖,35°32.5′N,138°58.0′E,21 km,2.5,震度１
2024/01/30,13:12:51.0,石川県能登地方,37°19.4′N,136°55.6′E,11 km,2.7,震度１
2024/01/30,12:09:20.4,石川県能登地方,37°27.8′N,137°15.9′E,12 km,3.0,震度２
2024/01/30,10:49:51.5,佐渡付近,37°49.2′N,137°50.9′E,17 km,3.9,震度１
2024/01/30,10:34:58.5,茨城県南部,36°03.8′N,139°56.4′E,45 km,3.0,震度１
2024/01/30,09:22:14.8,佐渡付近,37°53.3′N,137°44.5′E,21 km,3.8,震度１
2024/01/30,08:08:13.2,石川県能登地方,37°30.7′N,137°13.0′E,10 km,2.5,震度１
2024/01/30,05:11:09.7,熊本県熊本地方,32°39.0′N,130°41.0′E,12 km,3.6,震度２
2024/01/30,05:03:05.4,千葉県東方沖,35°25.2′N,141°10.4′E,18 km,4.7,震度１
2024/01/30,04:46:23.1,岐阜県美濃中西部,35°40.4′N,137°06.3′E,12 km,2.9,震度１
2024/01/30,04:01:38.1,石川県能登地方,37°08.7′N,136°44.6′E,8 km,2.7,震度１
2024/01/30,00:19:18.5,浦河沖,41°57.5′N,142°19.9′E,70 km,4.1,震度１
2024/01/30,00:01:30.3,熊本県熊本地方,32°39.0′N,130°41.1′E,12 km,3.1,震度２
2024/01/29,22:43:04.8,石川県能登地方,37°09.9′N,136°50.4′E,11 km,3.1,震度１
2024/01/29,16:26:56.7,佐渡付近,37°54.3′N,137°43.8′E,22 km,3.9,震度１
2024/01/29,16:18:56.1,石川県能登地方,37°10.2′N,136°45.5′E,6 km,2.8,震度１
2024/01/29,15:56:47.4,石川県能登地方,37°11.1′N,136°42.2′E,3 km,2.0,震度１
2024/01/29,07:59:03.7,佐渡付近,37°48.9′N,137°51.4′E,18 km,3.7,震度１
2024/01/29,06:29:07.3,石川県能登地方,37°20.8′N,136°59.1′E,11 km,3.0,震度１
2024/01/29,03:57:53.7,石川県能登地方,37°11.5′N,136°45.8′E,7 km,3.2,震度１
2024/01/29,02:30:03.0,熊本県熊本地方,32°41.0′N,130°42.4′E,13 km,2.3,震度１
2024/01/29,01:35:32.1,能登半島沖,37°31.3′N,137°14.4′E,10 km,2.8,震度１
2024/01/28,23:48:56.2,奈良県,34°17.3′N,135°42.9′E,60 km,3.6,震度２
2024/01/28,22:38:30.7,能登半島沖,37°25.0′N,136°59.0′E,6 km,2.6,震度１
2024/01/28,20:16:44.6,石川県能登地方,37°10.1′N,136°43.3′E,4 km,2.6,震度１
2024/01/28,19:17:26.5,石川県能登地方,37°27.2′N,137°11.8′E,12 km,2.6,震度１
2024/01/28,14:22:09.0,熊本県熊本地方,32°32.9′N,130°34.8′E,9 km,3.0,震度２
2024/01/28,09:13:03.9,石川県能登地方,37°09.6′N,136°42.5′E,5 km,2.5,震度１
2024/01/28,08:59:29.1,東京湾,35°38.2′N,140°01.1′E,73 km,4.7,震度４
2024/01/28,05:02:25.0,石川県能登地方,37°11.4′N,136°51.6′E,11 km,2.7,震度１
2024/01/28,02:44:07.9,石川県能登地方,37°22.2′N,136°55.0′E,7 km,2.4,震度１
2024/01/28,01:38:47.4,父島近海,26°42.7′N,142°30.2′E,6 km,4.0,震度１
2024/01/27,19:31:06.5,石川県能登地方,37°13.7′N,136°52.1′E,14 km,2.8,震度１
2024/01/27,14:10:19.5,石川県能登地方,37°11.1′N,136°41.2′E,3 km,1.8,震度１
2024/01/27,12:52:55.8,石川県能登地方,37°22.1′N,136°59.4′E,11 km,2.8,震度１
2024/01/27,09:25:55.9,茨城県沖,36°28.8′N,141°12.7′E,37 km,4.0,震度１
2024/01/27,06:27:31.2,能登半島沖,37°05.4′N,136°37.1′E,9 km,2.5,震度１
2024/01/27,04:53:28.2,石川県能登地方,37°11.0′N,136°48.2′E,8 km,3.5,震度１
2024/01/27,04:44:09.3,福島県沖,37°29.4′N,141°52.7′E,40 km,4.2,震度２
2024/01/27,04:41:00.5,能登半島沖,37°07.3′N,136°43.5′E,6 km,2.5,震度１
2024/01/27,04:29:32.6,福井県嶺北,35°57.4′N,136°38.0′E,9 km,2.3,震度１
2024/01/27,02:33:52.9,石川県能登地方,37°13.3′N,136°48.9′E,9 km,3.5,震度２
2024/01/26,23:51:58.4,石川県能登地方,37°20.3′N,136°49.3′E,10 km,3.3,震度１
2024/01/26,23:06:06.5,沖縄本島近海,26°47.2′N,128°25.3′E,31 km,4.1,震度２
2024/01/26,18:27:45.7,石川県能登地方,37°10.8′N,136°42.8′E,4 km,2.5,震度１
2024/01/26,17:31:24.6,石川県能登地方,37°10.3′N,136°41.8′E,3 km,1.7,震度１
2024/01/26,17:27:36.1,東京都２３区,35°45.6′N,139°45.4′E,33 km,2.7,震度１
2024/01/26,17:11:29.0,石川県能登地方,37°19.8′N,136°51.3′E,0 km,2.5,震度１
2024/01/26,16:34:35.0,石川県能登地方,37°27.2′N,137°12.0′E,12 km,2.5,震度１
2024/01/26,14:40:04.0,能登半島沖,37°09.5′N,136°36.9′E,13 km,4.4,震度４
2024/01/26,14:21:03.8,石川県能登地方,37°21.6′N,136°53.9′E,5 km,2.7,震度１
2024/01/26,09:53:06.3,岩手県沖,40°21.7′N,142°12.3′E,46 km,3.7,震度１
2024/01/26,09:38:42.4,千葉県北東部,35°25.0′N,140°21.9′E,28 km,2.3,震度１
2024/01/26,09:35:05.3,千葉県北東部,35°24.6′N,140°21.9′E,30 km,3.1,震度２
2024/01/26,09:32:39.1,石川県能登地方,37°20.0′N,136°50.6′E,0 km,4.3,震度３
2024/01/26,06:59:28.8,石川県能登地方,37°18.5′N,136°48.0′E,10 km,2.9,震度１
2024/01/26,06:35:55.6,石川県能登地方,37°27.8′N,137°11.3′E,11 km,2.5,震度１
2024/01/25,23:11:07.5,宮城県沖,38°51.9′N,141°38.6′E,61 km,2.8,震度１
2024/01/25,19:24:12.6,新潟県上中越沖,37°28.4′N,137°34.0′E,15 km,3.6,震度１
2024/01/25,14:52:00.4,石川県能登地方,37°22.4′N,136°53.4′E,0 km,1.5,震度１
2024/01/25,13:29:47.2,根室半島南東沖,43°09.3′N,145°47.4′E,46 km,4.8,震度３
2024/01/25,13:10:44.2,石川県能登地方,37°18.9′N,136°45.5′E,5 km,3.1,震度１
2024/01/25,11:15:50.4,石川県能登地方,37°17.5′N,136°46.0′E,12 km,3.7,震度２
2024/01/25,09:48:34.0,石川県能登地方,37°21.5′N,136°52.8′E,7 km,2.9,震度２
2024/01/25,09:24:48.6,石川県能登地方,37°28.8′N,137°16.7′E,13 km,3.2,震度２
2024/01/25,02:35:36.3,岩手県沖,40°21.9′N,142°12.9′E,46 km,4.0,震度１
2024/01/24,23:46:44.3,石川県能登地方,37°23.9′N,137°04.6′E,9 km,3.4,震度２
2024/01/24,23:23:18.9,和歌山県北部,34°07.8′N,135°11.5′E,6 km,2.8,震度２
2024/01/24,23:20:09.8,石川県能登地方,37°09.2′N,136°44.0′E,7 km,3.1,震度１
2024/01/24,23:06:09.9,福島県沖,37°18.0′N,141°36.2′E,42 km,3.4,震度１
2024/01/24,21:12:27.6,日向灘,31°50.5′N,132°08.2′E,27 km,4.1,震度１
2024/01/24,19:33:56.3,長野県南部,35°56.0′N,137°33.9′E,4 km,3.3,震度２
2024/01/24,15:56:20.7,天草灘,32°33.7′N,129°52.2′E,13 km,2.7,震度１
2024/01/24,13:29:14.9,長野県中部,36°11.0′N,137°41.1′E,6 km,3.3,震度２
2024/01/24,13:18:51.1,石川県能登地方,37°20.2′N,136°57.7′E,10 km,3.0,震度１
2024/01/24,06:33:49.7,釧路沖,42°28.8′N,145°02.2′E,25 km,5.1,震度２
2024/01/24,06:06:28.7,能登半島沖,37°09.2′N,136°40.4′E,6 km,3.3,震度３
2024/01/24,06:00:01.5,天草灘,32°30.0′N,129°44.3′E,11 km,2.5,震度１
2024/01/24,01:42:59.6,茨城県南部,36°13.3′N,139°47.9′E,57 km,2.9,震度１
2024/01/24,00:22:26.9,硫黄島近海,25°23.3′N,141°05.2′E,132 km,5.4,震度２
2024/01/23,21:01:58.4,石川県能登地方,37°22.4′N,136°51.3′E,6 km,2.5,震度２
2024/01/23,19:17:15.3,石川県能登地方,37°23.6′N,136°56.8′E,7 km,2.9,震度１
2024/01/23,18:31:50.3,石川県能登地方,37°22.1′N,136°57.0′E,10 km,3.1,震度１
2024/01/23,13:40:08.3,石川県能登地方,37°10.1′N,136°41.1′E,2 km,3.0,震度３
2024/01/23,11:28:33.6,石川県能登地方,37°22.1′N,136°52.8′E,7 km,2.2,震度１
2024/01/23,10:34:42.1,能登半島沖,37°09.0′N,136°38.5′E,4 km,2.5,震度１
2024/01/23,08:45:41.8,奈良県,34°17.4′N,135°43.9′E,64 km,4.0,震度２
2024/01/23,04:22:15.8,岐阜県飛騨地方,36°03.5′N,137°34.9′E,5 km,2.7,震度１
2024/01/23,02:13:19.7,石川県能登地方,37°11.6′N,136°43.7′E,6 km,4.2,震度３
2024/01/23,01:30:36.5,石川県西方沖,36°59.9′N,136°22.7′E,11 km,3.1,震度１
2024/01/22,22:54:10.8,茨城県沖,36°28.2′N,141°06.5′E,41 km,3.7,震度１
2024/01/22,22:32:20.9,石川県能登地方,37°23.8′N,137°04.3′E,9 km,3.0,震度１
2024/01/22,19:31:32.8,石川県能登地方,37°22.6′N,136°52.7′E,7 km,1.7,震度１
2024/01/22,17:03:31.8,石川県能登地方,37°22.3′N,136°55.6′E,10 km,3.1,震度２
2024/01/22,16:56:11.0,能登半島沖,37°31.4′N,137°14.6′E,12 km,2.6,震度１
2024/01/22,16:24:16.1,石川県能登地方,37°10.1′N,136°42.1′E,3 km,2.2,震度１
2024/01/22,16:07:10.3,石川県能登地方,37°10.1′N,136°41.9′E,4 km,3.0,震度３
2024/01/22,16:00:37.1,能登半島沖,37°26.3′N,136°38.2′E,8 km,4.0,震度２
2024/01/22,14:32:04.4,能登半島沖,37°09.1′N,136°39.6′E,8 km,2.6,震度１
2024/01/22,12:09:08.6,能登半島沖,37°22.9′N,136°43.1′E,13 km,3.6,震度１
2024/01/22,08:27:04.1,岩手県内陸北部,40°09.6′N,141°08.3′E,6 km,2.5,震度１
2024/01/22,06:30:20.3,三陸沖,39°51.0′N,143°07.7′E,19 km,4.7,震度１
2024/01/22,04:45:58.3,能登半島沖,37°07.7′N,136°40.5′E,7 km,2.6,震度１
2024/01/22,03:27:11.2,石川県能登地方,37°09.1′N,136°42.5′E,7 km,2.8,震度１
2024/01/21,19:02:04.8,瀬戸内海中部,34°04.2′N,133°26.0′E,15 km,3.8,震度２
2024/01/21,18:43:20.0,石川県能登地方,37°20.4′N,136°58.1′E,11 km,2.8,震度１
2024/01/21,14:49:47.6,石川県能登地方,37°22.5′N,136°59.3′E,10 km,2.2,震度１
2024/01/21,13:57:30.7,豊後水道,33°09.0′N,131°59.1′E,51 km,3.4,震度１
2024/01/21,12:26:17.3,能登半島沖,37°07.4′N,136°41.7′E,6 km,2.8,震度２
2024/01/21,04:13:53.5,茨城県南部,36°08.7′N,139°51.3′E,50 km,3.0,震度１
2024/01/21,04:07:36.3,石川県能登地方,37°13.6′N,136°48.1′E,10 km,3.1,震度１
2024/01/21,03:01:22.1,石川県能登地方,37°12.6′N,136°51.4′E,11 km,3.0,震度１
2024/01/21,02:08:15.6,熊本県熊本地方,32°36.5′N,131°01.6′E,15 km,3.0,震度１
2024/01/21,00:52:28.0,能登半島沖,37°09.0′N,136°39.6′E,4 km,1.4,震度１
2024/01/20,22:35:02.8,石川県能登地方,37°14.5′N,136°48.6′E,11 km,3.3,震度１
2024/01/20,22:28:00.9,宮古島近海,24°12.1′N,125°09.9′E,20 km,4.3,震度１
2024/01/20,15:59:29.3,石川県能登地方,37°18.0′N,136°53.2′E,13 km,3.3,震度１
2024/01/20,15:40:41.3,石川県能登地方,37°23.7′N,136°52.0′E,8 km,2.2,震度１
2024/01/20,14:58:00.2,トカラ列島近海,29°55.7′N,130°00.7′E,10 km,2.2,震度１
2024/01/20,11:17:46.2,石川県能登地方,37°22.3′N,137°01.9′E,13 km,3.0,震度１
2024/01/20,11:08:20.2,石川県能登地方,37°09.5′N,136°44.6′E,2 km,2.3,震度１
2024/01/20,09:54:43.3,石川県能登地方,37°10.5′N,136°49.7′E,10 km,2.7,震度１
2024/01/20,06:59:39.6,沖縄本島近海,26°18.8′N,127°21.3′E,53 km,4.1,震度２
2024/01/20,05:41:37.7,十勝沖,41°58.0′N,143°39.3′E,0 km,3.7,震度１
2024/01/20,05:07:55.8,石川県能登地方,37°29.2′N,137°15.8′E,11 km,2.9,震度１
2024/01/20,04:20:46.2,石川県能登地方,37°22.8′N,136°52.5′E,9 km,1.2,震度１
2024/01/20,02:52:37.3,石川県能登地方,37°23.1′N,136°53.3′E,8 km,2.2,震度２
2024/01/20,00:43:22.7,陸奥湾,41°04.5′N,141°13.5′E,0 km,1.4,震度１
2024/01/19,22:06:13.5,佐渡付近,37°54.9′N,137°45.0′E,26 km,4.0,震度２
2024/01/19,21:43:54.4,石川県能登地方,37°22.9′N,136°49.8′E,9 km,2.4,震度１
2024/01/19,21:19:14.3,沖縄本島近海,26°19.2′N,127°21.6′E,53 km,3.5,震度１
2024/01/19,20:43:00.0,能登半島沖,37°12.2′N,136°41.3′E,7 km,2.5,震度１
2024/01/19,20:22:34.8,新潟県上中越沖,37°34.8′N,137°31.3′E,18 km,4.2,震度２
2024/01/19,18:38:09.6,石川県能登地方,37°16.7′N,136°46.2′E,3 km,2.3,震度１
2024/01/19,18:30:37.2,石川県能登地方,37°24.9′N,137°02.1′E,12 km,3.3,震度１
2024/01/19,17:24:39.1,能登半島沖,37°08.2′N,136°41.0′E,4 km,1.9,震度１
2024/01/19,17:21:19.4,石川県能登地方,37°23.6′N,136°50.2′E,10 km,2.0,震度１
2024/01/19,15:48:33.6,石川県能登地方,37°27.0′N,137°10.9′E,13 km,3.9,震度３
2024/01/19,15:43:26.6,千葉県北東部,35°43.0′N,140°41.7′E,51 km,3.8,震度２
2024/01/19,12:02:46.5,石川県能登地方,37°22.1′N,137°05.4′E,14 km,4.1,震度２
2024/01/19,09:32:39.3,石川県能登地方,37°12.3′N,136°45.3′E,6 km,2.7,震度１
2024/01/19,08:35:49.6,能登半島沖,37°08.4′N,136°43.3′E,3 km,1.5,震度１
2024/01/19,08:03:17.2,石川県能登地方,37°12.2′N,136°44.0′E,10 km,3.1,震度１
2024/01/19,07:06:08.6,能登半島沖,37°08.1′N,136°42.6′E,7 km,4.2,震度４
2024/01/19,06:51:58.8,石川県能登地方,37°22.5′N,137°00.0′E,10 km,3.0,震度１
2024/01/19,06:17:42.1,青森県東方沖,40°44.3′N,142°09.1′E,55 km,3.3,震度１
2024/01/19,05:08:47.0,能登半島沖,37°10.8′N,136°38.7′E,3 km,2.1,震度１
2024/01/19,04:40:13.3,能登半島沖,37°08.8′N,136°43.0′E,3 km,2.9,震度３
2024/01/19,03:35:08.6,石川県能登地方,37°22.5′N,136°53.2′E,8 km,1.5,震度１
2024/01/19,03:04:39.1,石川県能登地方,37°22.2′N,137°00.6′E,11 km,4.4,震度４
2024/01/19,01:03:46.2,紀伊水道,34°12.3′N,135°06.8′E,8 km,2.6,震度１
2024/01/18,17:31:07.1,石川県能登地方,37°23.4′N,136°59.2′E,12 km,3.5,震度２
2024/01/18,14:37:39.6,石川県能登地方,37°11.8′N,136°48.6′E,9 km,2.9,震度１
2024/01/18,14:36:23.9,石川県能登地方,37°22.0′N,136°51.1′E,10 km,2.7,震度１
2024/01/18,14:25:57.9,能登半島沖,37°08.1′N,136°40.6′E,8 km,2.8,震度１
2024/01/18,12:37:20.0,石川県能登地方,37°22.6′N,136°53.1′E,10 km,2.9,震度２
2024/01/18,12:04:27.2,石川県能登地方,37°22.3′N,136°55.8′E,10 km,2.8,震度１
2024/01/18,10:51:38.1,佐渡付近,37°48.5′N,137°41.6′E,22 km,4.2,震度１
2024/01/18,10:26:37.0,石川県能登地方,37°23.4′N,136°54.8′E,9 km,2.0,震度１
2024/01/18,06:39:35.7,石川県能登地方,37°23.4′N,136°54.3′E,10 km,2.4,震度１
2024/01/18,06:10:27.6,石川県能登地方,37°10.1′N,136°43.5′E,4 km,2.1,震度１
2024/01/18,00:01:36.9,石川県能登地方,37°22.7′N,136°52.3′E,9 km,2.3,震度１
2024/01/17,23:09:10.7,石川県能登地方,37°22.3′N,136°57.2′E,11 km,2.6,震度１
2024/01/17,18:52:32.7,石川県能登地方,37°14.5′N,136°50.7′E,12 km,2.7,震度１
2024/01/17,18:32:34.3,石川県能登地方,37°22.3′N,136°57.9′E,12 km,3.2,震度１
2024/01/17,17:45:03.1,石川県能登地方,37°11.7′N,136°49.8′E,11 km,3.2,震度２
2024/01/17,14:36:44.7,石川県能登地方,37°11.3′N,136°43.3′E,2 km,1.8,震度１
2024/01/17,13:16:08.8,石川県能登地方,37°22.9′N,136°53.8′E,7 km,1.7,震度１
2024/01/17,12:44:24.1,石川県能登地方,37°23.3′N,136°53.6′E,9 km,1.8,震度１
2024/01/17,08:32:07.7,石川県能登地方,37°09.9′N,136°41.0′E,3 km,1.4,震度１
2024/01/17,07:38:58.1,三宅島近海,33°49.2′N,139°23.9′E,20 km,4.0,震度２
2024/01/17,04:51:19.7,北海道東方沖,43°12.0′N,147°00.0′E,68 km,4.5,震度１
2024/01/17,04:48:17.4,秋田県内陸北部,40°05.9′N,140°38.1′E,6 km,3.0,震度１
2024/01/17,04:04:08.2,石川県能登地方,37°09.9′N,136°45.7′E,2 km,2.5,震度１
2024/01/17,04:01:54.2,石川県能登地方,37°20.7′N,136°51.5′E,11 km,3.6,震度３
2024/01/17,00:38:21.1,能登半島沖,37°09.8′N,136°39.5′E,1 km,2.3,震度１
2024/01/16,22:48:48.1,石川県能登地方,37°24.8′N,136°52.9′E,10 km,1.9,震度１
2024/01/16,22:02:19.3,石川県能登地方,37°27.9′N,137°08.5′E,12 km,3.7,震度２
2024/01/16,21:13:54.8,石川県能登地方,37°10.1′N,136°44.1′E,3 km,3.0,震度２
2024/01/16,20:13:49.3,宗谷地方北部,45°02.6′N,141°43.2′E,13 km,2.6,震度１
2024/01/16,19:54:34.0,石川県能登地方,37°10.1′N,136°45.0′E,3 km,2.0,震度１
2024/01/16,19:08:13.5,能登半島沖,37°27.2′N,136°59.5′E,15 km,3.0,震度１
2024/01/16,19:01:10.1,石川県能登地方,37°11.1′N,136°45.2′E,6 km,2.8,震度１
2024/01/16,18:50:07.3,石川県能登地方,37°11.5′N,136°44.1′E,4 km,2.2,震度１
2024/01/16,18:48:01.5,石川県能登地方,37°09.8′N,136°44.3′E,5 km,2.4,震度１
2024/01/16,18:46:50.0,石川県能登地方,37°10.0′N,136°45.7′E,1 km,2.7,震度１
2024/01/16,18:45:30.2,石川県能登地方,37°09.7′N,136°44.4′E,5 km,1.9,震度１
2024/01/16,18:43:25.7,石川県能登地方,37°10.3′N,136°44.6′E,4 km,4.4,震度４
2024/01/16,18:42:15.8,石川県能登地方,37°11.1′N,136°45.1′E,3 km,4.8,震度５弱
2024/01/16,18:17:42.2,石川県能登地方,37°13.1′N,136°42.4′E,5 km,3.3,震度１
2024/01/16,15:53:03.6,石川県能登地方,37°13.0′N,136°50.7′E,1 km,2.0,震度１
2024/01/16,13:01:29.8,富山湾,37°22.4′N,137°17.1′E,13 km,2.9,震度１
2024/01/16,08:38:24.7,石川県能登地方,37°10.1′N,136°41.6′E,3 km,2.8,震度２
2024/01/16,06:52:23.2,石川県能登地方,37°09.2′N,136°41.1′E,2 km,1.7,震度１
2024/01/16,04:39:44.2,石川県能登地方,37°23.9′N,136°57.0′E,10 km,2.9,震度２
2024/01/16,04:11:32.0,石川県能登地方,37°11.3′N,136°50.3′E,10 km,3.6,震度３
2024/01/16,02:22:09.6,石川県加賀地方,36°13.6′N,136°30.2′E,10 km,3.1,震度１
2024/01/16,00:57:06.1,石川県能登地方,37°08.2′N,136°44.3′E,0 km,2.0,震度２
2024/01/16,00:19:35.0,石川県能登地方,37°13.8′N,136°48.9′E,10 km,2.9,震度１
2024/01/15,23:17:31.3,宮城県沖,38°40.9′N,141°40.9′E,64 km,2.9,震度１
2024/01/15,21:20:34.8,長野県北部,36°46.9′N,138°31.7′E,2 km,2.9,震度２
2024/01/15,18:48:34.5,石川県能登地方,37°22.8′N,137°06.5′E,13 km,3.0,震度１
2024/01/15,18:37:43.2,岐阜県美濃中西部,35°20.3′N,136°37.0′E,18 km,2.9,震度１
2024/01/15,18:15:01.1,石川県能登地方,37°20.7′N,136°50.7′E,12 km,3.4,震度２
2024/01/15,17:09:43.8,長野県中部,36°11.7′N,138°00.2′E,6 km,2.7,震度１
2024/01/15,16:52:21.3,能登半島沖,37°10.3′N,136°40.8′E,5 km,2.1,震度１
2024/01/15,15:37:28.0,石川県能登地方,37°13.0′N,136°47.7′E,8 km,3.5,震度１
2024/01/15,15:16:25.2,石川県能登地方,37°13.9′N,136°48.5′E,7 km,3.3,震度２
2024/01/15,09:59:02.2,石川県能登地方,37°15.9′N,136°51.0′E,8 km,3.3,震度２
2024/01/15,09:19:05.4,能登半島沖,37°06.6′N,136°36.4′E,8 km,2.7,震度２
2024/01/15,09:14:01.5,薩摩半島西方沖,31°27.1′N,130°06.8′E,4 km,2.8,震度１
2024/01/15,09:09:05.1,石川県能登地方,37°28.8′N,137°17.4′E,12 km,3.2,震度１
2024/01/15,08:36:33.3,能登半島沖,37°09.5′N,136°40.6′E,3 km,2.0,震度２
2024/01/15,07:16:42.2,石川県能登地方,37°10.4′N,136°43.1′E,4 km,1.6,震度１
2024/01/15,03:33:56.2,埼玉県北部,36°04.0′N,139°39.7′E,62 km,3.3,震度１
2024/01/15,01:10:59.8,石川県能登地方,37°13.8′N,136°48.6′E,7 km,3.5,震度２
2024/01/15,00:40:21.1,石川県能登地方,37°09.7′N,136°43.5′E,6 km,3.1,震度２
2024/01/14,22:26:19.5,石川県西方沖,37°04.6′N,136°29.4′E,1 km,3.5,震度１
2024/01/14,21:42:33.8,石川県能登地方,37°20.6′N,137°03.6′E,14 km,3.4,震度１
2024/01/14,21:13:32.6,能登半島沖,37°36.0′N,137°21.5′E,9 km,3.0,震度１
2024/01/14,19:34:52.2,能登半島沖,37°13.6′N,136°40.9′E,7 km,2.9,震度１
2024/01/14,18:39:31.4,石川県能登地方,37°23.6′N,136°52.4′E,8 km,1.8,震度１
2024/01/14,18:23:03.6,富山湾,37°26.9′N,137°18.4′E,15 km,3.2,震度２
2024/01/14,18:16:01.5,能登半島沖,37°06.1′N,136°36.8′E,7 km,2.5,震度２
2024/01/14,17:46:26.2,石川県能登地方,37°23.2′N,136°52.0′E,8 km,2.1,震度１
2024/01/14,17:26:51.6,能登半島沖,37°07.1′N,136°41.8′E,5 km,2.4,震度１
2024/01/14,16:58:46.7,石川県能登地方,37°22.2′N,136°57.0′E,12 km,2.6,震度１
2024/01/14,13:39:07.7,能登半島沖,37°08.8′N,136°41.6′E,8 km,2.5,震度１
2024/01/14,12:38:39.3,石川県能登地方,37°09.8′N,136°44.8′E,5 km,2.4,震度１
2024/01/14,12:24:21.7,秋田県内陸北部,40°06.0′N,140°38.3′E,6 km,3.8,震度３
2024/01/14,12:03:26.5,トカラ列島近海,29°17.2′N,129°09.7′E,12 km,2.4,震度１
2024/01/14,07:49:41.5,能登半島沖,37°07.8′N,136°41.4′E,5 km,2.7,震度１
2024/01/14,07:42:41.5,石川県能登地方,37°10.4′N,136°47.0′E,8 km,2.9,震度１
2024/01/14,05:08:13.5,石川県能登地方,37°23.0′N,136°50.7′E,7 km,2.5,震度１
2024/01/14,04:45:52.9,能登半島沖,37°13.2′N,136°41.5′E,5 km,3.1,震度１
2024/01/14,04:10:36.6,石川県能登地方,37°25.0′N,137°01.1′E,10 km,3.3,震度２
2024/01/14,03:56:00.0,能登半島沖,37°07.4′N,136°37.9′E,7 km,2.8,震度２
2024/01/14,02:42:04.8,茨城県沖,36°28.0′N,141°06.5′E,43 km,3.7,震度２
2024/01/14,01:36:22.1,福島県浜通り,37°04.0′N,140°40.8′E,9 km,4.0,震度３
2024/01/14,01:21:49.9,石川県能登地方,37°09.9′N,136°44.0′E,3 km,1.7,震度１
2024/01/14,01:19:23.1,有明海,32°50.5′N,130°33.9′E,13 km,2.6,震度１
2024/01/14,00:19:43.6,北海道西方沖,44°17.4′N,141°36.3′E,0 km,1.6,震度１
2024/01/14,00:01:30.7,石川県能登地方,37°10.9′N,136°50.0′E,11 km,4.3,震度３
2024/01/13,23:55:33.2,石川県能登地方,37°09.8′N,136°46.1′E,7 km,2.7,震度１
2024/01/13,23:41:18.4,石川県能登地方,37°21.6′N,137°02.8′E,12 km,3.5,震度１
2024/01/13,22:36:38.0,石川県能登地方,37°22.9′N,136°50.6′E,9 km,2.0,震度１
2024/01/13,21:52:24.4,能登半島沖,37°08.2′N,136°41.7′E,5 km,1.9,震度１
2024/01/13,21:37:40.0,石川県能登地方,37°11.3′N,136°48.4′E,10 km,2.6,震度１
2024/01/13,18:28:04.2,石川県能登地方,37°15.4′N,136°46.7′E,6 km,3.2,震度１
2024/01/13,17:02:59.8,能登半島沖,37°07.8′N,136°42.6′E,2 km,2.3,震度２
2024/01/13,16:44:21.3,釧路地方北部,43°36.2′N,144°22.3′E,1 km,2.1,震度２
2024/01/13,15:58:25.0,釧路地方北部,43°36.0′N,144°22.8′E,2 km,1.9,震度２
2024/01/13,15:55:58.8,釧路地方北部,43°35.9′N,144°22.4′E,0 km,4.0,震度４
2024/01/13,15:51:21.9,釧路地方北部,43°35.8′N,144°23.0′E,0 km,1.5,震度１
2024/01/13,14:29:41.8,能登半島沖,37°33.8′N,137°22.6′E,9 km,3.1,震度１
2024/01/13,13:47:20.4,石垣島近海,24°29.6′N,124°05.8′E,49 km,4.7,震度３
2024/01/13,11:06:05.4,石川県能登地方,37°21.9′N,136°59.9′E,10 km,2.9,震度１
2024/01/13,11:00:51.9,石川県能登地方,37°22.1′N,136°58.8′E,11 km,2.8,震度１
2024/01/13,09:20:57.6,佐渡付近,37°44.8′N,137°38.0′E,21 km,3.9,震度１
2024/01/13,08:56:52.0,能登半島沖,37°12.7′N,136°40.5′E,9 km,3.4,震度１
2024/01/13,07:51:25.4,石川県能登地方,37°22.7′N,136°55.8′E,12 km,3.5,震度２
2024/01/13,05:41:43.6,石川県能登地方,37°18.7′N,136°45.6′E,5 km,2.8,震度１
2024/01/13,04:10:03.7,石川県能登地方,37°21.6′N,137°02.3′E,11 km,3.4,震度２
2024/01/13,04:04:30.3,石川県能登地方,37°10.1′N,136°44.7′E,5 km,4.3,震度４
2024/01/13,03:31:05.1,石川県能登地方,37°10.1′N,136°45.0′E,4 km,2.6,震度１
2024/01/13,03:15:17.9,石川県能登地方,37°23.7′N,136°53.4′E,10 km,2.0,震度１
2024/01/12,23:35:49.0,石川県能登地方,37°23.0′N,137°04.9′E,12 km,3.0,震度１
2024/01/12,22:35:04.0,石川県能登地方,37°09.9′N,136°45.1′E,4 km,2.3,震度１
2024/01/12,21:17:48.2,石川県能登地方,37°10.1′N,136°43.7′E,6 km,2.8,震度１
2024/01/12,21:10:23.1,石川県能登地方,37°10.0′N,136°45.0′E,5 km,4.5,震度４
2024/01/12,19:19:28.4,石川県能登地方,37°12.4′N,136°43.8′E,5 km,3.1,震度１
2024/01/12,17:29:09.8,石川県能登地方,37°27.7′N,137°15.9′E,13 km,4.5,震度３
2024/01/12,16:21:05.0,石川県能登地方,37°22.8′N,136°52.8′E,9 km,1.8,震度１
2024/01/12,16:05:58.8,能登半島沖,37°08.7′N,136°39.4′E,4 km,1.6,震度１
2024/01/12,16:01:03.1,石川県能登地方,37°09.7′N,136°43.7′E,2 km,3.6,震度３
2024/01/12,15:15:57.8,石川県能登地方,37°21.5′N,136°58.3′E,13 km,2.9,震度１
2024/01/12,14:35:23.3,能登半島沖,37°10.4′N,136°38.4′E,5 km,2.1,震度１
2024/01/12,14:10:46.3,能登半島沖,37°06.9′N,136°39.0′E,5 km,2.3,震度１
2024/01/12,13:21:44.6,能登半島沖,37°11.7′N,136°40.9′E,6 km,2.8,震度１
2024/01/12,12:04:10.4,石川県能登地方,37°20.9′N,136°46.4′E,8 km,2.9,震度１
2024/01/12,11:15:00.3,石川県能登地方,37°12.3′N,136°43.2′E,3 km,3.0,震度１
2024/01/12,10:58:55.6,石川県能登地方,37°12.1′N,136°45.1′E,5 km,3.2,震度１
2024/01/12,10:33:10.3,石川県能登地方,37°14.3′N,136°50.2′E,12 km,2.7,震度１
2024/01/12,09:13:49.9,釧路地方北部,43°35.4′N,144°22.2′E,1 km,1.7,震度１
2024/01/12,08:24:32.8,石川県能登地方,37°21.6′N,136°59.3′E,11 km,2.5,震度１
2024/01/12,08:04:03.1,石川県能登地方,37°20.6′N,136°51.2′E,12 km,3.0,震度１
2024/01/12,07:35:14.0,石川県能登地方,37°21.2′N,136°55.5′E,10 km,2.7,震度１
2024/01/12,07:23:21.7,石川県能登地方,37°24.5′N,136°53.9′E,11 km,2.9,震度２
2024/01/12,05:54:28.7,新潟県上中越沖,37°36.9′N,137°33.7′E,16 km,4.2,震度１
2024/01/12,05:31:36.2,石川県能登地方,37°22.9′N,136°51.8′E,8 km,2.5,震度１
2024/01/12,05:24:14.2,石川県能登地方,37°22.2′N,136°57.1′E,11 km,2.9,震度１
2024/01/12,05:06:07.1,能登半島沖,37°25.3′N,136°53.4′E,11 km,1.7,震度１
2024/01/12,01:33:13.9,能登半島沖,37°12.5′N,136°41.9′E,2 km,3.4,震度２
2024/01/11,23:35:50.0,石川県能登地方,37°10.9′N,136°43.9′E,4 km,2.8,震度１
2024/01/11,22:44:57.2,石川県能登地方,37°09.9′N,136°41.9′E,6 km,2.4,震度１
2024/01/11,21:43:43.3,天草灘,32°08.3′N,130°03.8′E,9 km,2.7,震度１
2024/01/11,21:25:15.3,天草灘,32°08.1′N,130°03.6′E,9 km,2.8,震度１
2024/01/11,21:24:00.1,天草灘,32°08.2′N,130°03.7′E,10 km,3.4,震度２
2024/01/11,19:48:46.2,日高地方西部,42°44.3′N,142°28.2′E,12 km,3.7,震度２
2024/01/11,19:21:20.4,石川県能登地方,37°24.5′N,136°52.2′E,10 km,2.3,震度２
2024/01/11,19:15:57.9,石川県能登地方,37°24.9′N,136°53.1′E,9 km,2.0,震度１
2024/01/11,19:14:00.3,石川県能登地方,37°23.8′N,136°52.7′E,10 km,3.3,震度３
2024/01/11,17:59:04.7,石川県能登地方,37°21.8′N,137°02.1′E,14 km,3.9,震度３
2024/01/11,17:31:47.7,宗谷地方北部,45°02.2′N,141°56.5′E,12 km,2.4,震度２
2024/01/11,17:03:12.9,能登半島沖,37°07.7′N,136°42.4′E,4 km,1.7,震度１
2024/01/11,16:33:20.2,石川県能登地方,37°23.4′N,136°51.8′E,12 km,3.6,震度２
2024/01/11,14:47:09.9,石川県能登地方,37°12.0′N,136°50.2′E,11 km,2.3,震度１
2024/01/11,14:39:04.4,石川県能登地方,37°20.7′N,136°55.0′E,12 km,2.6,震度１
2024/01/11,13:30:49.5,石川県能登地方,37°21.1′N,136°49.2′E,8 km,3.6,震度２
2024/01/11,12:21:56.4,石川県能登地方,37°10.7′N,136°46.2′E,8 km,3.0,震度１
2024/01/11,10:56:04.1,石川県能登地方,37°09.9′N,136°45.0′E,3 km,2.9,震度２
2024/01/11,07:57:49.0,石川県能登地方,37°29.6′N,137°11.6′E,10 km,3.3,震度１
2024/01/11,06:54:58.9,能登半島沖,37°34.4′N,137°24.3′E,12 km,3.3,震度１
2024/01/11,06:31:54.8,石川県能登地方,37°12.3′N,136°44.0′E,7 km,2.9,震度１
2024/01/11,04:32:19.7,佐渡付近,37°54.1′N,137°44.6′E,24 km,4.0,震度１
2024/01/11,03:09:18.2,石川県能登地方,37°22.2′N,136°57.5′E,12 km,3.0,震度１
2024/01/11,01:06:56.0,石川県能登地方,37°14.5′N,136°51.1′E,13 km,2.6,震度１
2024/01/11,01:00:55.6,福島県中通り,37°04.2′N,140°33.6′E,6 km,2.8,震度１
2024/01/11,00:42:19.2,石川県能登地方,37°19.0′N,136°58.8′E,13 km,3.4,震度２
2024/01/10,23:43:59.8,石川県能登地方,37°23.2′N,137°00.1′E,13 km,3.5,震度１
2024/01/10,23:21:32.7,能登半島沖,37°08.6′N,136°39.1′E,2 km,1.9,震度１
2024/01/10,22:57:54.1,石川県能登地方,37°21.2′N,136°50.7′E,8 km,2.7,震度１
2024/01/10,21:58:17.6,石川県能登地方,37°23.9′N,136°54.7′E,9 km,1.3,震度１
2024/01/10,21:44:56.5,石川県能登地方,37°22.3′N,136°56.7′E,11 km,2.3,震度１
2024/01/10,21:26:31.5,能登半島沖,37°32.4′N,137°20.8′E,10 km,3.1,震度２
2024/01/10,21:26:18.7,能登半島沖,37°08.3′N,136°39.5′E,8 km,2.3,震度１
2024/01/10,20:53:57.3,石川県能登地方,37°23.8′N,136°54.0′E,8 km,1.8,震度１
2024/01/10,20:10:21.0,能登半島沖,37°08.3′N,136°42.9′E,5 km,2.1,震度１
2024/01/10,20:04:08.7,能登半島沖,37°10.1′N,136°39.2′E,3 km,1.8,震度１
2024/01/10,20:02:39.1,佐渡付近,37°45.8′N,137°38.0′E,23 km,3.8,震度１
2024/01/10,20:00:33.3,石川県能登地方,37°22.2′N,136°57.7′E,12 km,4.1,震度３
2024/01/10,19:02:27.9,石川県能登地方,37°10.8′N,136°41.2′E,3 km,1.8,震度１
2024/01/10,17:57:50.2,秋田県内陸北部,40°05.9′N,140°38.0′E,6 km,3.2,震度２
2024/01/10,16:55:16.4,石川県能登地方,37°10.1′N,136°44.9′E,5 km,2.8,震度１
2024/01/10,15:35:17.3,石川県能登地方,37°10.5′N,136°50.3′E,9 km,2.6,震度１
2024/01/10,14:43:33.9,秋田県内陸北部,40°05.9′N,140°37.7′E,6 km,4.3,震度３
2024/01/10,14:32:14.6,石川県能登地方,37°25.7′N,137°02.1′E,10 km,2.8,震度１
2024/01/10,13:47:16.6,長野県中部,36°11.8′N,138°00.2′E,5 km,2.7,震度１
2024/01/10,13:08:06.3,石川県能登地方,37°19.2′N,136°58.9′E,13 km,3.4,震度１
2024/01/10,12:45:11.8,石川県能登地方,37°20.7′N,136°57.3′E,12 km,2.8,震度１
2024/01/10,12:13:15.7,岩手県沖,40°25.5′N,142°07.9′E,36 km,3.8,震度１
2024/01/10,10:32:47.1,石川県能登地方,37°23.7′N,136°53.8′E,11 km,1.9,震度１
2024/01/10,09:59:50.9,石川県能登地方,37°23.1′N,136°51.3′E,9 km,2.5,震度１
2024/01/10,09:51:53.9,石川県能登地方,37°23.7′N,136°52.0′E,10 km,2.1,震度１
2024/01/10,09:16:30.8,佐渡付近,37°52.8′N,137°47.0′E,24 km,3.8,震度１
2024/01/10,09:08:14.4,石川県能登地方,37°09.9′N,136°43.3′E,0 km,1.6,震度１
2024/01/10,08:58:41.0,石川県西方沖,37°04.7′N,136°35.5′E,8 km,3.4,震度１
2024/01/10,08:54:06.7,佐渡付近,37°54.6′N,137°44.7′E,27 km,4.0,震度１
2024/01/10,07:37:12.6,能登半島沖,37°24.6′N,136°51.6′E,10 km,2.0,震度１
2024/01/10,06:46:11.4,石川県能登地方,37°24.8′N,136°53.1′E,10 km,2.0,震度１
2024/01/10,06:43:55.6,秋田県内陸北部,40°05.9′N,140°38.2′E,5 km,2.9,震度１
2024/01/10,06:35:04.4,秋田県内陸北部,40°06.0′N,140°38.3′E,6 km,2.9,震度１
2024/01/10,06:00:40.9,秋田県内陸北部,40°06.1′N,140°38.2′E,6 km,3.5,震度２
2024/01/10,04:32:16.1,能登半島沖,37°12.4′N,136°41.5′E,5 km,3.0,震度１
2024/01/10,04:02:22.3,石川県能登地方,37°09.8′N,136°42.2′E,2 km,2.6,震度３
2024/01/10,02:51:10.4,能登半島沖,37°09.7′N,136°38.3′E,1 km,2.1,震度１
2024/01/10,02:41:07.5,佐渡付近,37°55.9′N,137°46.6′E,25 km,3.6,震度１
2024/01/10,02:29:15.4,石川県能登地方,37°10.4′N,136°45.3′E,6 km,2.3,震度１
2024/01/10,01:59:05.7,能登半島沖,37°09.0′N,136°39.7′E,2 km,2.2,震度２
2024/01/10,01:04:14.6,石川県能登地方,37°10.1′N,136°44.9′E,6 km,3.4,震度２
2024/01/10,00:17:20.2,能登半島沖,37°06.5′N,136°36.6′E,7 km,2.4,震度１
2024/01/09,23:21:13.0,石川県能登地方,37°21.3′N,136°53.1′E,10 km,2.7,震度１
2024/01/09,23:14:43.3,石川県能登地方,37°18.3′N,136°49.8′E,11 km,3.1,震度１
2024/01/09,22:50:29.7,石川県能登地方,37°22.3′N,136°53.0′E,7 km,1.5,震度１
2024/01/09,21:34:27.8,石川県能登地方,37°25.7′N,137°11.0′E,14 km,2.9,震度１
2024/01/09,20:25:07.6,石川県能登地方,37°24.1′N,136°53.8′E,9 km,1.7,震度１
2024/01/09,20:16:29.4,能登半島沖,37°12.1′N,136°38.6′E,7 km,2.7,震度１
2024/01/09,20:10:48.3,佐渡付近,37°51.8′N,137°46.4′E,24 km,4.3,震度２
2024/01/09,19:10:49.3,佐渡付近,37°55.0′N,137°47.5′E,21 km,4.0,震度１
2024/01/09,19:10:45.8,石川県能登地方,37°09.0′N,136°43.0′E,7 km,2.5,震度１
2024/01/09,18:55:10.4,佐渡付近,37°52.2′N,137°46.5′E,23 km,4.3,震度２
2024/01/09,18:45:40.3,石川県能登地方,37°12.1′N,136°47.2′E,8 km,3.2,震度１
2024/01/09,18:09:08.7,佐渡付近,37°52.8′N,137°45.0′E,22 km,4.0,震度１
2024/01/09,17:59:11.4,佐渡付近,37°54.6′N,137°45.8′E,27 km,6.1,震度５弱
2024/01/09,16:18:18.6,能登半島沖,37°11.4′N,136°37.6′E,4 km,2.5,震度１
2024/01/09,15:03:50.6,石川県能登地方,37°09.5′N,136°43.4′E,6 km,2.3,震度１
2024/01/09,14:19:11.1,新潟県上中越沖,37°37.5′N,137°35.2′E,15 km,3.8,震度１
2024/01/09,13:16:32.5,石川県能登地方,37°21.5′N,136°53.0′E,13 km,3.1,震度１
2024/01/09,13:12:54.9,石川県能登地方,37°10.0′N,136°41.6′E,3 km,3.8,震度３
2024/01/09,10:37:27.5,石川県能登地方,37°19.3′N,136°48.7′E,10 km,2.9,震度１
2024/01/09,09:18:28.3,岐阜県飛騨地方,35°55.8′N,137°14.8′E,12 km,2.8,震度１
2024/01/09,09:04:04.2,能登半島沖,37°10.2′N,136°40.2′E,2 km,1.2,震度１
2024/01/09,08:30:23.1,石川県能登地方,37°23.1′N,137°00.2′E,11 km,2.6,震度１
2024/01/09,07:59:39.9,石川県能登地方,37°23.4′N,136°51.3′E,9 km,2.2,震度１
2024/01/09,07:09:21.6,能登半島沖,37°10.0′N,136°39.6′E,3 km,2.8,震度３
2024/01/09,07:01:24.1,石川県能登地方,37°22.7′N,136°56.7′E,11 km,2.4,震度１
2024/01/09,06:55:59.1,能登半島沖,37°06.7′N,136°36.7′E,8 km,2.7,震度２
2024/01/09,06:22:33.5,能登半島沖,37°08.7′N,136°43.7′E,7 km,1.8,震度１
2024/01/09,06:17:49.7,石川県能登地方,37°22.1′N,136°53.4′E,11 km,2.9,震度１
2024/01/09,05:45:49.0,石川県能登地方,37°13.4′N,136°44.6′E,10 km,3.1,震度１
2024/01/09,04:51:01.1,内浦湾,42°19.9′N,140°24.0′E,16 km,2.9,震度１
2024/01/09,03:21:39.8,三重県北部,34°52.4′N,136°27.5′E,14 km,2.6,震度１
2024/01/09,02:38:00.3,石川県能登地方,37°23.8′N,137°04.1′E,12 km,3.1,震度１
2024/01/09,01:48:39.8,能登半島沖,37°08.3′N,136°42.0′E,7 km,2.8,震度１
2024/01/09,01:20:01.1,石川県能登地方,37°15.8′N,136°48.6′E,11 km,3.9,震度２
2024/01/09,00:54:03.7,石川県能登地方,37°21.4′N,137°01.6′E,12 km,2.6,震度１
2024/01/08,22:23:56.4,能登半島沖,37°08.5′N,136°42.5′E,2 km,1.4,震度１
2024/01/08,22:10:34.1,石川県能登地方,37°20.2′N,136°48.1′E,8 km,2.9,震度１
2024/01/08,21:48:05.4,能登半島沖,37°08.1′N,136°38.1′E,8 km,3.1,震度３
2024/01/08,21:18:06.9,石川県能登地方,37°10.4′N,136°42.0′E,3 km,2.5,震度２
2024/01/08,20:48:03.0,石川県能登地方,37°11.1′N,136°41.9′E,5 km,2.2,震度１
2024/01/08,20:43:40.3,能登半島沖,37°08.9′N,136°42.6′E,4 km,2.2,震度１
2024/01/08,20:39:27.2,石川県能登地方,37°22.1′N,136°50.1′E,9 km,2.8,震度２
2024/01/08,20:38:11.7,石川県能登地方,37°10.4′N,136°42.5′E,2 km,1.6,震度１
2024/01/08,19:52:41.3,石川県能登地方,37°10.4′N,136°42.4′E,2 km,2.1,震度１
2024/01/08,19:18:44.7,石川県能登地方,37°23.0′N,136°59.3′E,12 km,2.7,震度２
2024/01/08,19:14:28.3,能登半島沖,37°09.4′N,136°40.9′E,2 km,1.4,震度１
2024/01/08,18:35:28.1,佐渡付近,37°43.9′N,137°36.9′E,18 km,3.8,震度１
2024/01/08,18:27:55.9,石川県能登地方,37°23.1′N,136°53.2′E,8 km,2.5,震度１
2024/01/08,15:23:45.3,能登半島沖,37°11.9′N,136°40.9′E,4 km,2.0,震度１
2024/01/08,15:06:40.4,新潟県上中越沖,37°02.8′N,137°45.3′E,0 km,2.6,震度１
2024/01/08,13:14:58.8,石川県能登地方,37°10.9′N,136°48.6′E,9 km,2.9,震度１
2024/01/08,13:11:14.7,秋田県内陸北部,40°28.6′N,140°52.9′E,5 km,3.7,震度２
2024/01/08,12:51:40.8,能登半島沖,37°25.3′N,136°52.0′E,12 km,1.8,震度１
2024/01/08,11:33:21.3,能登半島沖,37°27.3′N,136°57.0′E,4 km,2.2,震度１
2024/01/08,11:27:31.7,能登半島沖,37°25.9′N,136°51.5′E,13 km,1.9,震度１
2024/01/08,11:05:04.2,石川県能登地方,37°07.8′N,136°45.1′E,4 km,3.7,震度２
2024/01/08,10:06:41.1,石川県能登地方,37°09.7′N,136°43.6′E,4 km,2.1,震度１
2024/01/08,09:49:18.5,石川県能登地方,37°20.9′N,136°48.4′E,11 km,3.4,震度２
2024/01/08,07:33:23.7,石川県能登地方,37°22.5′N,137°05.3′E,13 km,3.1,震度１
2024/01/08,06:19:18.1,石川県能登地方,37°11.4′N,136°42.3′E,5 km,2.1,震度１
2024/01/08,06:18:28.6,新潟県上中越沖,37°37.7′N,137°31.7′E,19 km,3.8,震度１
2024/01/08,05:07:37.8,能登半島沖,37°10.0′N,136°38.4′E,6 km,2.7,震度２
2024/01/08,04:26:46.6,石川県能登地方,37°22.4′N,136°55.5′E,11 km,2.5,震度１
2024/01/08,03:57:38.9,新潟県上中越沖,37°02.8′N,137°45.7′E,0 km,2.4,震度１
2024/01/08,03:15:41.0,石川県能登地方,37°15.3′N,136°46.1′E,9 km,3.8,震度２
2024/01/08,02:59:20.3,石川県能登地方,37°22.8′N,137°06.0′E,13 km,3.8,震度２
2024/01/08,02:41:16.9,岩手県沖,39°37.0′N,141°59.7′E,54 km,3.2,震度１
2024/01/08,02:24:00.1,能登半島沖,37°08.9′N,136°43.6′E,5 km,2.8,震度２
2024/01/08,02:14:59.4,富山湾,37°17.3′N,137°08.0′E,13 km,3.5,震度２
2024/01/08,01:08:59.7,能登半島沖,37°09.3′N,136°39.3′E,3 km,2.5,震度２
2024/01/07,23:43:58.2,石川県能登地方,37°22.1′N,136°51.1′E,12 km,3.9,震度３
2024/01/07,23:01:35.7,能登半島沖,37°10.4′N,136°38.8′E,4 km,2.3,震度２
2024/01/07,22:46:09.4,能登半島沖,37°09.2′N,136°39.9′E,3 km,1.4,震度１
2024/01/07,22:31:28.1,能登半島沖,37°08.2′N,136°41.0′E,8 km,2.5,震度１
2024/01/07,22:13:28.8,石川県能登地方,37°09.6′N,136°43.1′E,5 km,1.6,震度１
2024/01/07,22:05:24.9,石川県能登地方,37°21.4′N,137°02.5′E,15 km,3.5,震度２
2024/01/07,21:41:05.0,能登半島沖,37°08.6′N,136°40.1′E,11 km,3.0,震度１
2024/01/07,21:39:31.0,石川県能登地方,37°22.0′N,136°56.9′E,11 km,3.6,震度２
2024/01/07,21:38:19.4,石川県能登地方,37°10.7′N,136°48.8′E,12 km,4.7,震度４
2024/01/07,21:32:12.4,石川県能登地方,37°22.7′N,136°55.0′E,12 km,3.1,震度２
2024/01/07,18:38:20.0,石川県能登地方,37°11.5′N,136°43.0′E,4 km,3.0,震度２
2024/01/07,16:06:50.5,石川県能登地方,37°11.2′N,136°41.5′E,4 km,2.3,震度１
2024/01/07,15:26:56.7,石川県能登地方,37°12.7′N,136°43.1′E,11 km,4.5,震度４
2024/01/07,15:21:02.4,石川県能登地方,37°12.9′N,136°43.5′E,2 km,3.4,震度１
2024/01/07,14:48:44.4,石川県能登地方,37°20.5′N,136°47.6′E,12 km,3.2,震度１
2024/01/07,14:37:59.2,石川県能登地方,37°27.2′N,137°16.8′E,14 km,4.6,震度４
2024/01/07,13:39:09.0,石川県能登地方,37°21.8′N,136°59.4′E,11 km,3.2,震度２
2024/01/07,11:19:19.1,能登半島沖,37°07.3′N,136°38.9′E,9 km,3.5,震度１
2024/01/07,10:09:35.4,石川県能登地方,37°23.9′N,136°59.0′E,9 km,2.7,震度１
2024/01/07,09:02:27.9,石川県能登地方,37°23.3′N,136°52.2′E,11 km,2.1,震度１
2024/01/07,08:44:08.7,石川県能登地方,37°23.9′N,137°02.2′E,11 km,3.2,震度１
2024/01/07,07:39:46.3,能登半島沖,37°10.1′N,136°40.7′E,4 km,2.3,震度１
2024/01/07,07:38:28.3,能登半島沖,37°09.8′N,136°40.7′E,5 km,3.4,震度３
2024/01/07,06:57:25.0,石川県能登地方,37°15.6′N,136°49.1′E,16 km,3.2,震度２
2024/01/07,06:05:34.2,能登半島沖,37°13.7′N,136°41.6′E,5 km,3.0,震度１
2024/01/07,06:04:40.3,石川県能登地方,37°11.1′N,136°46.1′E,8 km,2.9,震度１
2024/01/07,05:54:33.3,能登半島沖,37°14.8′N,136°40.1′E,7 km,3.0,震度１
2024/01/07,05:26:54.8,石川県能登地方,37°24.2′N,137°00.9′E,13 km,3.5,震度２
2024/01/07,05:19:00.9,石川県能登地方,37°28.6′N,137°15.5′E,12 km,3.7,震度２
2024/01/07,03:00:51.9,石川県能登地方,37°07.8′N,136°44.3′E,0 km,1.7,震度１
2024/01/07,02:46:34.3,福島県沖,37°07.7′N,141°18.3′E,54 km,3.5,震度１
2024/01/07,02:05:21.3,能登半島沖,37°05.9′N,136°36.9′E,8 km,2.6,震度２
2024/01/07,02:03:20.4,石川県能登地方,37°23.4′N,136°54.2′E,11 km,2.6,震度１
2024/01/07,01:34:46.5,能登半島沖,37°11.1′N,136°40.9′E,4 km,1.9,震度１
2024/01/07,01:12:33.1,石川県能登地方,37°22.1′N,136°56.8′E,13 km,3.2,震度２
2024/01/07,01:08:50.7,能登半島沖,37°09.7′N,136°39.5′E,3 km,1.8,震度１
2024/01/07,00:57:06.5,能登半島沖,37°09.8′N,136°39.1′E,5 km,3.3,震度３
2024/01/07,00:09:23.8,宮城県北部,38°46.0′N,141°08.1′E,90 km,2.9,震度１
2024/01/06,23:44:34.7,新潟県上中越沖,37°01.7′N,137°45.6′E,0 km,2.5,震度１
2024/01/06,23:43:17.9,新潟県上中越沖,37°02.9′N,137°45.3′E,0 km,3.2,震度２
2024/01/06,23:30:10.3,新潟県上中越沖,37°02.2′N,137°45.1′E,0 km,2.2,震度１
2024/01/06,23:23:33.9,能登半島沖,37°09.7′N,136°38.9′E,6 km,2.5,震度２
2024/01/06,23:22:22.7,能登半島沖,37°09.9′N,136°40.1′E,5 km,2.1,震度１
2024/01/06,23:20:23.0,能登半島沖,37°10.3′N,136°38.7′E,5 km,4.3,震度６弱
2024/01/06,22:58:33.7,石川県能登地方,37°22.7′N,136°59.0′E,11 km,2.8,震度１
2024/01/06,22:55:25.9,石川県能登地方,37°23.5′N,136°53.2′E,12 km,2.5,震度１
2024/01/06,21:52:09.4,石川県能登地方,37°28.7′N,137°21.1′E,13 km,3.6,震度２
2024/01/06,21:14:39.6,石川県能登地方,37°10.6′N,136°41.2′E,4 km,2.0,震度１
2024/01/06,20:56:33.4,石川県能登地方,37°22.5′N,136°56.7′E,14 km,2.7,震度１
2024/01/06,20:24:57.1,石川県能登地方,37°23.3′N,136°52.3′E,11 km,2.1,震度１
2024/01/06,19:59:17.1,石川県能登地方,37°23.5′N,136°49.2′E,14 km,2.0,震度１
2024/01/06,19:18:56.0,石川県能登地方,37°09.7′N,136°41.4′E,2 km,0.9,震度１
2024/01/06,18:23:24.8,石川県能登地方,37°22.5′N,136°55.7′E,14 km,4.0,震度２
2024/01/06,18:15:18.4,能登半島沖,37°08.1′N,136°41.9′E,6 km,2.7,震度１
2024/01/06,18:03:50.8,能登半島沖,37°09.6′N,136°40.6′E,2 km,2.4,震度２
2024/01/06,18:02:40.5,石川県能登地方,37°29.4′N,137°18.0′E,11 km,2.8,震度１
2024/01/06,17:32:34.2,石川県能登地方,37°11.0′N,136°41.8′E,3 km,2.3,震度１
2024/01/06,16:43:13.3,能登半島沖,37°36.1′N,137°26.1′E,13 km,3.8,震度１
2024/01/06,15:47:39.4,能登半島沖,37°06.8′N,136°35.5′E,8 km,2.2,震度１
2024/01/06,15:44:30.1,石川県能登地方,37°24.9′N,136°57.5′E,12 km,3.3,震度２
2024/01/06,15:09:39.0,石川県能登地方,37°27.5′N,137°08.5′E,14 km,3.6,震度３
2024/01/06,14:49:07.6,石川県能登地方,37°23.1′N,136°57.8′E,13 km,2.4,震度１
2024/01/06,14:30:14.7,能登半島沖,37°08.9′N,136°41.7′E,11 km,2.8,震度１
2024/01/06,13:52:17.1,石川県能登地方,37°10.1′N,136°43.7′E,6 km,3.6,震度３
2024/01/06,13:36:19.0,石川県能登地方,37°10.1′N,136°44.3′E,6 km,2.1,震度１
2024/01/06,13:13:43.4,石川県能登地方,37°09.9′N,136°44.8′E,6 km,3.1,震度２
2024/01/06,13:00:35.1,石川県能登地方,37°10.6′N,136°45.4′E,6 km,不明,震度１
2024/01/06,12:59:31.9,石川県能登地方,37°10.5′N,136°43.4′E,7 km,2.7,震度１
2024/01/06,12:49:41.8,石川県能登地方,37°12.4′N,136°42.4′E,2 km,2.6,震度１
2024/01/06,12:29:39.2,石川県能登地方,37°23.1′N,136°52.4′E,8 km,1.9,震度１
2024/01/06,12:11:15.6,石川県能登地方,37°24.2′N,136°52.5′E,10 km,2.5,震度２
2024/01/06,12:09:26.2,石川県能登地方,37°10.9′N,136°42.2′E,6 km,2.8,震度１
2024/01/06,11:34:12.6,石川県能登地方,37°10.9′N,136°44.3′E,5 km,2.4,震度１
2024/01/06,10:43:03.5,石川県能登地方,37°12.0′N,136°45.3′E,6 km,3.1,震度２
2024/01/06,10:24:17.9,能登半島沖,37°09.1′N,136°33.4′E,9 km,2.8,震度１
2024/01/06,10:15:29.8,茨城県沖,36°37.8′N,141°00.7′E,45 km,4.2,震度２
2024/01/06,08:12:47.3,石川県能登地方,37°23.2′N,136°52.3′E,11 km,1.9,震度１
2024/01/06,07:39:30.3,能登半島沖,37°08.0′N,136°36.4′E,0 km,2.8,震度２
2024/01/06,07:36:33.2,石川県能登地方,37°23.1′N,136°55.2′E,12 km,1.9,震度１
2024/01/06,07:06:21.3,石川県西方沖,36°59.3′N,136°31.1′E,10 km,3.4,震度１
2024/01/06,06:57:16.3,石川県能登地方,37°20.4′N,136°57.5′E,14 km,4.4,震度３
2024/01/06,05:43:34.5,佐渡付近,37°48.3′N,137°42.3′E,18 km,4.2,震度１
2024/01/06,05:35:49.9,石川県能登地方,37°12.6′N,136°49.5′E,14 km,3.9,震度２
2024/01/06,05:32:50.0,石川県能登地方,37°11.6′N,136°50.2′E,13 km,3.5,震度２
2024/01/06,05:29:40.2,石川県能登地方,37°13.1′N,136°50.0′E,14 km,3.2,震度１
2024/01/06,05:26:51.6,石川県能登地方,37°13.0′N,136°49.9′E,12 km,5.4,震度５強
2024/01/06,04:53:43.3,能登半島沖,37°10.1′N,136°40.9′E,4 km,2.2,震度１
2024/01/06,04:46:51.2,能登半島沖,37°09.8′N,136°40.3′E,3 km,2.1,震度２
2024/01/06,03:47:22.6,石川県能登地方,37°10.0′N,136°42.4′E,2 km,2.1,震度１
2024/01/06,03:03:57.4,石川県能登地方,37°22.0′N,137°02.1′E,15 km,3.5,震度１
